title,video_id,published_date,thumbnail_url,view_count,like_count,comment_count,duration,channel_id,subscriber_count,category
결국 긴팔문신 제거 하는 조두팔,t-zwVkTOZA8,20250328,https://i.ytimg.com/vi/t-zwVkTOZA8/maxresdefault.jpg,244420,,221.0,7:39,"('조두팔', '@조두팔이라고')",412000,일상/브이로그
"[vlog] 고등학교 교사 직장인 브이로그 | 학부모 총회 그리고 상담 가득한 한 주 | 더바넷 최애 블라우스,,🤍| 서촌 인생 팬케이크🥞| 워킹타코 만들고 등산했던 주말⛰️|",AMwSEsFVRGg,20250328,https://i.ytimg.com/vi/AMwSEsFVRGg/maxresdefault.jpg,11267,265.0,54.0,18:37,"('HappyHojin', '@Happppyhojin')",46500,일상/브이로그
오사카&교토 브이로그 • 쇼핑에미띤여자들,PocqBywf0FU,20250224,https://i.ytimg.com/vi/PocqBywf0FU/maxresdefault.jpg,12158,315.0,110.0,21:46,"('권예왕왕', '@ye_one_e')",15700,일상/브이로그
마라로제엽떡+닭꼬치 꿀조합•노티드 딸기전메뉴🍓먹고 결국 컵라면2개로 마무리•옛날통닭 두마리+오징어순대+한치통찜에 음주파티•대실패한 스타벅스 샌드위치+말차슈크림라떼•일상먹방브이로그,6eNhJ4LYr1k,20250329,https://i.ytimg.com/vi/6eNhJ4LYr1k/maxresdefault.jpg,14333,441.0,71.0,29:32,"('째링', '@buttermellowday')",71700,일상/브이로그
[썰레디윗미] 이젠 말할 수 있다🙄 역대급 똥차 썰 낋여오니라.ㅣ이게 실화라고? 구라 마실게요~🙏🏻,G9tXGudpOCo,20250328,https://i.ytimg.com/vi/G9tXGudpOCo/maxresdefault.jpg,58409,,118.0,18:17,"('냔지 nyanji', '@quya_a')",296000,일상/브이로그
저 드디어 강남에 샵 오픈했어요😭취향 가득 담은 제 샵을 소개합니다🤍 | 인테리어 브이로그 | 반셀프 인테리어 | 뷰티샵 인테리어 | 재유JEYU,WIYvQjSBFL8,20250328,https://i.ytimg.com/vi/WIYvQjSBFL8/maxresdefault.jpg,27696,583.0,95.0,25:59,"('재유JEYU', '@JEYU')",539000,일상/브이로그
광기 다이어터의 72시간 밀착 브이로그 | 정신 차리고 다이어트 시작🏃‍♀️🚨,NZtGFBORuYo,20250328,https://i.ytimg.com/vi/NZtGFBORuYo/maxresdefault.jpg,30038,680.0,111.0,10:38,"('곽혈수', '@gwakbloodwater')",176000,일상/브이로그
[VLOG] 분리수면 하는 이유❓,GvJTH1g2-sc,20250327,https://i.ytimg.com/vi/GvJTH1g2-sc/maxresdefault.jpg,651825,12862.0,656.0,29:02,"('리쥬라이크 LIJULIKE', '@LIJULIKE')",900000,일상/브이로그
"퇴사 VLOG | 부장 말에 결국 눈물터짐…🥲 | 마지막 기자 일상, 퇴사 꿀팁, 새벽근무, 현장 스탠딩, 사직서 | 새니",DePBBfhQfGE,20250324,https://i.ytimg.com/vi/DePBBfhQfGE/maxresdefault.jpg,104016,1466.0,208.0,22:19,"('새니 SENI', '@lightoftheworldseni')",172000,일상/브이로그
[VLOG] 일상 브이로그 | 3월 나의 생일을 맞이하며..🌷 | 이재모피자 제주점 | 여름을 준비하며 다이어트 시작 | 샐러드 레시피 | 제주 요가원추천 | 런린이의 하루,vtQ0KhiEP9U,20250322,https://i.ytimg.com/vi/vtQ0KhiEP9U/maxresdefault.jpg,73121,903.0,118.0,28:00,"('하누', '@ourdays')",244000,일상/브이로그
쉽지 않은 결정을 했습니다.,q1pQcnMFoCg,20250303,https://i.ytimg.com/vi/q1pQcnMFoCg/maxresdefault.jpg,490806,2389.0,,9:07,"('이봉조봉커플', '@bongbong_couple')",68600,일상/브이로그
둘째 임신했습니다!!!🎉 (연년생 확정😭),diDuJIsaANM,20250324,https://i.ytimg.com/vi/diDuJIsaANM/maxresdefault.jpg,137260,2635.0,697.0,11:44,"('[Nareum_TV] 나름TV', '@NareumTVTV')",2640000,일상/브이로그
[Study Vlog] 고1 시험공부 브이로그/ 08년생 공부 브이로그 | 류희진,R1lsDPMc45M,20241215,https://i.ytimg.com/vi/R1lsDPMc45M/maxresdefault.jpg,128467,,299.0,11:16,"('류희진', '@hejiiiiiiin')",40400,일상/브이로그
"vlog | 집순이의 주말 삼시세끼 집밥 🛋️ 💭  두툼한 함박스테이크가 올라간 투움바 파스타, 봄 향기 가득 달래장과 콩나물 버섯 솥밥 만들며 보낸 48시간 일상",HeVYeUFIG8M,20250327,https://i.ytimg.com/vi/HeVYeUFIG8M/maxresdefault.jpg,112166,3562.0,238.0,31:12,"('Jihyunkkung', '@jhyun_u')",2990000,일상/브이로그
한국 와서 오지게 먹는 브이로그,qo_s7wP0WbQ,20250324,https://i.ytimg.com/vi/qo_s7wP0WbQ/maxresdefault.jpg,59579,1368.0,166.0,18:33,"('연늘', '@yeonneul')",71900,일상/브이로그
🇨🇭찰승헌스위스🇨🇭여행 브이로그!!!,IbxI43fHWnk,20250314,https://i.ytimg.com/vi/IbxI43fHWnk/maxresdefault.jpg,2105250,47798.0,4000.0,48:26,"('찰스엔터', '@CharlesEnter')",708000,일상/브이로그
[국제커플] 담백이 사랑이 달랏 브이로그 part2,aMaxjhkR8SE,20250329,https://i.ytimg.com/vi/aMaxjhkR8SE/maxresdefault.jpg,7749,520.0,50.0,15:54,"('담백이 사랑이 tv', '@담백이-y1p')",2860,일상/브이로그
폭식 속았수다 | 고구마피자 베이컨포테이토 콘치즈 콤비네이션 비리야타코 명랑핫도그 고구마통모짜 공차 딸기말차 푸팟퐁구리 라면 돈까스 라구파스타 버팔로윙 | 먹방 브이로그 #138,OIzpJVi8rzw,20250328,https://i.ytimg.com/vi/OIzpJVi8rzw/maxresdefault.jpg,15811,262.0,65.0,27:54,"('소림사 주방장', '@jubomjang')",124000,일상/브이로그
VLOG) 좀 덜 된 브이로그에 치즈 뿌리기🧀🧡 치즈인이유 뿌링클 치즈떡볶이 etc. 먹방 mukbang blog,u1POWrsD57w,20250327,https://i.ytimg.com/vi/u1POWrsD57w/maxresdefault.jpg,48743,801.0,98.0,17:19,"('Leeby리비', '@Leeby')",486000,일상/브이로그
혼자서도 잘 놀아 | jeju vlog,5zxoJZ2D31E,20250321,https://i.ytimg.com/vi/5zxoJZ2D31E/maxresdefault.jpg,70822,1480.0,148.0,18:14,"('AllZero다영', '@all_zero._.k')",182000,일상/브이로그
반지하 사는 여자의 중소기업 출근 브이로그,h3zXYPUr78M,20250207,https://i.ytimg.com/vi/h3zXYPUr78M/maxresdefault.jpg,1723683,27564.0,7000.0,9:08,"('수밤이', '@수밤이')",152000,일상/브이로그
"(eng)케이팝의 축복이 끊이질 않는 뉴욕 일상 브이로그, 한국에서 온 택배, 마케팅 인턴 일상",4p497_IPaSU,20250323,https://i.ytimg.com/vi/4p497_IPaSU/maxresdefault.jpg,27123,1085.0,55.0,17:32,"('이욜 eyol', '@eyollog')",359000,일상/브이로그
[vlog] 생일 주간 브이로그🎂 | 새학기 바쁜 고등학교 생활🤯| 미슐랭 2스타 에빗| 대왕 인생네컷📸| 더바넷 팝업 봄맞이 쇼핑 | 한남동 데이트 | 직장인 브이로그 출근룩,3bOD8q4XIYk,20250321,https://i.ytimg.com/vi/3bOD8q4XIYk/maxresdefault.jpg,24346,417.0,135.0,30:11,"('HappyHojin', '@Happppyhojin')",46500,일상/브이로그
어떤 영상으로 돌아와야 할지 몰라 일단 냅다 술부터 들이부었습니다.,pj-d2CBrC8s,20250324,https://i.ytimg.com/vi/pj-d2CBrC8s/maxresdefault.jpg,77619,1602.0,486.0,47:26,"('팬티요정 노선경 Pantyfairy', '@Pantyfairy')",152000,일상/브이로그
해고당함 l 회사원브이로그 l 직장인브이로그 l 키보드ASMR l 쇼핑몰CS l vlog,Ki0kBL8K7iA,20250323,https://i.ytimg.com/vi/Ki0kBL8K7iA/maxresdefault.jpg,10559,166.0,71.0,10:52,"('태이언니', '@taeitaei0138')",1660,일상/브이로그
vlog. 저는 아직 학교 갈 준비가 안 됐어요.. | 07년생 브이로그,3vzYvLtK7Qc,20250323,https://i.ytimg.com/vi/3vzYvLtK7Qc/maxresdefault.jpg,99042,1362.0,181.0,14:01,"('선 빈', '@sunbhin')",131000,일상/브이로그
VLOG 반장 • 동아리부장 • 윤사1등 ••  고등학생 새학기 브이로그  |  교복 예쁘게 차려입기 • 새학기 쇼핑 • 공부자극  STUDENT VLOG,jnreKgVTcJ0,20240824,https://i.ytimg.com/vi/jnreKgVTcJ0/maxresdefault.jpg,429287,8239.0,439.0,16:09,"('굥나', '@iammmhannah')",51700,일상/브이로그
첫 자취 브이로그,NLXm-dnYiAU,20250323,https://i.ytimg.com/vi/NLXm-dnYiAU/maxresdefault.jpg,73884,1482.0,450.0,54:26,"('털난새우', '@saewooS2')",61800,일상/브이로그
[VLOG] 내일 계획은 내일 짜면 되는고야~😙 | 찐친들과 제주도 (P여행의 정석),kDcEd4gXDUU,20250326,https://i.ytimg.com/vi/kDcEd4gXDUU/maxresdefault.jpg,131491,1808.0,111.0,24:13,"('현주투성이', '@jjuya_r')",136000,일상/브이로그
호주 유학생 OT주간 브이로그 | 간호대학 첫 오티 | 자율학습 시작 | 눈물의 공짜밥..🍚,LEIAz8N9wH0,20250323,https://i.ytimg.com/vi/LEIAz8N9wH0/maxresdefault.jpg,163679,2606.0,184.0,22:20,"('유네린LIN', '@h.rin.y2')",321000,일상/브이로그
"[마늘떡볶이편] 떠날준비 하다가 먹기만 하는🥦 먹방브이로그 (덕나 부부 집들이, 우촌 삼겹살, 무생채 비빔밥, 맘스터치 핫치즈빅싸이순살) MUKBANG VLOG",qL1iH3MgBm4,20250327,https://i.ytimg.com/vi/qL1iH3MgBm4/maxresdefault.jpg,109846,1645.0,143.0,34:23,"(""UNIII's meal"", '@uniii_90')",257000,일상/브이로그
6살 영어캠프 in 🇻🇳나트랑 | 딸 뒷바라지 브이로그 | 등원 거부 | 남편 없이 해외에서 멘탈 터짐.. | 장염 + 멧돼지 물림 사건 | 그냥 한국 갈까..?,YTCRT5HHi4s,20250322,https://i.ytimg.com/vi/YTCRT5HHi4s/maxresdefault.jpg,39966,505.0,40.0,58:09,"('은또 Euntto', '@euntto1004')",130000,일상/브이로그
"[vlog] 도쿄여행 브이로그🗼충격적인 맛집만 팹니다..🔥갓성비 스시오마카세, 이마카츠, 아사쿠사 길거리음식, 에비스가든, 나카메구로, 몬자야끼, 야끼니쿠, 에그타르트, 타코야끼",HXQBzhJ6rNw,20250323,https://i.ytimg.com/vi/HXQBzhJ6rNw/maxresdefault.jpg,46699,1011.0,71.0,33:47,"('Daily Joy조이', '@_joysop')",129000,일상/브이로그
나 말고 송혜교 브이로그...,mcpEIs3ENSo,20250110,https://i.ytimg.com/vi/mcpEIs3ENSo/maxresdefault.jpg,5108608,143164.0,10000.0,36:19,"('걍밍경', '@iammingki')",1450000,일상/브이로그
고등학교 첫 모의고사 채점! 아니.. 내가 이걸 틀려? 미쳤네.. 근데 3모는 중요한 거 아니잖아요? 그렇다고 합시다!!!!! 학생vlog│헬로음이유니,YfQxt2Kb9MQ,20250328,https://i.ytimg.com/vi/YfQxt2Kb9MQ/maxresdefault.jpg,50279,711.0,67.0,11:17,"('Helloeum2Uni', '@helloeum2uni')",248000,일상/브이로그
"vlog 딸빼고 엄마아빠 데이트👩‍❤‍👨리빙페어, 하이디라오 첫도전, 커트러리&잠옷 쇼핑",5m7M3e9LMgc,20250323,https://i.ytimg.com/vi/5m7M3e9LMgc/maxresdefault.jpg,165924,2798.0,182.0,24:53,"('트위티 (Tweety)', '@tweety5269')",761000,일상/브이로그
24살이지만 갸루이고 싶어..🐆⭐️ 고등학교 찐친들과 롯데월드 눈치게임 성공한 브이로그 ⚞ ᴖ  ᴗ  ᴖ ⚟,lUMPwtRhlbQ,20250322,https://i.ytimg.com/vi/lUMPwtRhlbQ/maxresdefault.jpg,98563,1464.0,63.0,13:54,"('유정 YUJEONG', '@YUJEONG')",438000,일상/브이로그
집도 없고 차도 없는 서민의 인생 첫 명품하울 브이로그,X7MuK6q02dI,20250324,https://i.ytimg.com/vi/X7MuK6q02dI/maxresdefault.jpg,34411,633.0,237.0,4:10,"('정못취', '@me_brother')",92500,일상/브이로그
"[Vlog] Daily JUNGWON, 스무 살 브이로그 - ENHYPEN (엔하이픈)",ud4zr7kiU04,20230515,https://i.ytimg.com/vi/ud4zr7kiU04/maxresdefault.jpg,1319742,130613.0,3800.0,20:31,"('ENHYPEN', '@ENHYPENOFFICIAL')",11500000,일상/브이로그
𝑉𝐿𝑂𝐺 ♡。·˚ 이 오타쿠가 밖에 있을 확률? 100% • 미쿠 피규어 • 성수 나들이 • 일상 브이로그 • 도원암귀 • 에반게리온,-o-v4m4ME2A,20250323,https://i.ytimg.com/vi/-o-v4m4ME2A/maxresdefault.jpg,8728,268.0,42.0,24:17,"('유애리 愛り', '@aerixkoi')",12900,일상/브이로그
대학원으로 복학해버린 노답 취준생 브이로그,WnhLWFlIB40,20250302,https://i.ytimg.com/vi/WnhLWFlIB40/maxresdefault.jpg,617188,7602.0,503.0,23:06,"('빠더너스 BDNS', '@bdns')",1890000,일상/브이로그
먹고픈건 어떻게든 먹어내는(?) 사람🙋🏻‍♀️ 먹방VLOG | 에드워드리치킨 크리스피크림 후와후와수건케이크&두바이 로제마라샹궈&크림새우 커피원베이글&맘모스빵 파운드마켓 떡튀순,GgRJsraT9HM,20250324,https://i.ytimg.com/vi/GgRJsraT9HM/maxresdefault.jpg,62481,938.0,73.0,31:56,"('찌콩먹콩 zzicong', '@zzicong')",44800,일상/브이로그
"Eng) 의사 Vlog | (강제로)아침형 인간이 되어버린 올빼미 디아, 보건소 의사의 하루 Pt.1 🩺 Day in the life of a Korean Doctor",2d1rvhytH5I,20250319,https://i.ytimg.com/vi/2d1rvhytH5I/maxresdefault.jpg,124030,11038.0,1500.0,14:25,"('디아 Dia', '@sweetdia_med')",780000,일상/브이로그
흔한 이별 브이로그 뭐 그런거,4rgJCRGikW0,20240719,https://i.ytimg.com/vi/4rgJCRGikW0/maxresdefault.jpg,1848195,30325.0,3300.0,6:48,"('쓰까르', '@쓰까르')",114000,일상/브이로그
[먹방vlog] 웃다가 가래끼는 그런 영상 _ 맥북 언박싱+혼자 야끼니꾸+닭볶음탕+감자탕+트러플파스타+와인먹고 만취+치킨난반+라면+김육삼,4yg_Ev7HJ38,20250325,https://i.ytimg.com/vi/4yg_Ev7HJ38/maxresdefault.jpg,90075,1312.0,137.0,34:41,"('예소리SSOL', '@ssol9743')",243000,일상/브이로그
"어머님들.. 다들 살아 계시죠..? (개학브이로그, 초간단또띠아토스트)",wr1gJ_ODTOc,20250321,https://i.ytimg.com/vi/wr1gJ_ODTOc/maxresdefault.jpg,140151,1478.0,148.0,9:32,"('워킹맘이현이', '@leehyunyi')",33200,일상/브이로그
태어나서 처음으로 비행기 탄 서뱅이 (feat.502호 가족여행),k9wn8aw0sI8,20250324,https://i.ytimg.com/vi/k9wn8aw0sI8/maxresdefault.jpg,342123,6623.0,252.0,18:25,"('랄랄ralral', '@ralral')",1800000,일상/브이로그
"[일상 브이로그] 12첩 반상 차리는 아이 둘 엄마, 단골 질문 답변, 찹스테이크와 멕시코 음식 만들기, 부산 신상 맛집 발견",blIppAXegjI,20250321,https://i.ytimg.com/vi/blIppAXegjI/maxresdefault.jpg,111878,1799.0,194.0,30:55,"('로하Roha', '@loveAroha')",604000,일상/브이로그
한국 카페에서도 스몰톡이 될까? | 카페 브이로그 上 🇬🇧🇰🇷,KM7naycoJ2M,20250323,https://i.ytimg.com/vi/KM7naycoJ2M/maxresdefault.jpg,246843,5427.0,285.0,7:34,"('Nia in London', '@_niacho')",219000,일상/브이로그
"브이로그 • 봄쇼핑 하울 • 눈썹관리템(탈색,펌) • 엄마랑 북촌데이트 • 어깨라인 운동🏋🏻‍♀️• 스틸레토 힐 • 서울맛집 • 아재맛집",ipYoaQ63DHw,20250322,https://i.ytimg.com/vi/ipYoaQ63DHw/maxresdefault.jpg,32283,534.0,134.0,29:38,"('상희sanghui', '@its_me_sh')",128000,일상/브이로그
빵순이들 이 영상 저장함. 택배로 오는 전국 빵 맛집 추천 | 빵 먹방 브이로그,_Yc6fQoqz3k,20250322,https://i.ytimg.com/vi/_Yc6fQoqz3k/maxresdefault.jpg,13958,,181.0,19:11,"('이아람', '@innerbrami')",11700,일상/브이로그
아빠같은 오빠랑 첫 1박2일 글램핑 데이트 vlog⛰️ (with. 베프) | 5살차이 커플의 일상이랄까..? | korean couple vlog,kuFVtsAkgzI,20250324,https://i.ytimg.com/vi/kuFVtsAkgzI/maxresdefault.jpg,56992,410.0,116.0,8:11,"('뭐혜연WAYD', '@wayd9284')",270000,일상/브이로그
[vlog] 객식구 가족 여행 ~ 후쿠오카 편!,IcV5N5eOQXA,20240830,https://i.ytimg.com/vi/IcV5N5eOQXA/maxresdefault.jpg,946763,14571.0,1100.0,35:13,"('찰스엔터', '@CharlesEnter')",708000,일상/브이로그
고3 언니를 위해...어디까지?? 1년만 참자!! (feat. 간니 근황),9V-hidQzBx4,20250321,https://i.ytimg.com/vi/9V-hidQzBx4/maxresdefault.jpg,54686,810.0,139.0,8:05,"('간니닌니 패밀리', '@ganni-ninni')",785000,일상/브이로그
VLOG l 직장인의 여행준비는 인수인계부터.. 여행꿀템 대방출✈️🧳🏝️,k3iwRrDkH-A,20250325,https://i.ytimg.com/vi/k3iwRrDkH-A/maxresdefault.jpg,28616,507.0,60.0,26:33,"('Ueong', '@ueong')",63700,일상/브이로그
vlog 30대 직장인의 일상 | 월급 받고 먹고싶었던거 다 먹기!🤤 봄옷은 내가 준비할게! 누가 봄줄래?,QsQN-8hMZZ8,20250323,https://i.ytimg.com/vi/QsQN-8hMZZ8/maxresdefault.jpg,9604,,59.0,31:25,"('수줍은도디', '@eun_dy')",51600,일상/브이로그
Vlog 직장인브이로그 | 봄 맞이 자켓 추천 | 샤넬 22백 개시 | 던스트 우먼 | 유라고 | 로우클래식 | 오버듀플레어,zZzX0gMPiaI,20250324,https://i.ytimg.com/vi/zZzX0gMPiaI/maxresdefault.jpg,27836,366.0,100.0,21:10,"('수리Suri', '@suri453')",30300,일상/브이로그
"[vlog] 일상 브이로그 | 상하이 혼여 준비 | 시술데이💉| 오랜만에 겟레디윗미 | 미팅 가는 날 | 이가네양꼬치, 알라보, 화이트리에 식빵, 하이디라오 마라펀 ••",G5tD4ANz1tk,20250326,https://i.ytimg.com/vi/G5tD4ANz1tk/maxresdefault.jpg,20674,430.0,41.0,20:01,"('Daily Joy조이', '@_joysop')",129000,일상/브이로그
폭식 속았수다 | 고구마피자 베이컨포테이토 콘치즈 콤비네이션 비리야타코 명랑핫도그 고구마통모짜 공차 딸기말차 푸팟퐁구리 라면 돈까스 라구파스타 버팔로윙 | 먹방 브이로그 #138,OIzpJVi8rzw,20250328,https://i.ytimg.com/vi/OIzpJVi8rzw/maxresdefault.jpg,15838,262.0,65.0,27:54,"('소림사 주방장', '@jubomjang')",124000,일상/브이로그
"[🇰🇷vlog] 한국에서의 마지막 일주일을 심하게 알차게 보내버린 브이로그 ⎹ 느좋 을지로 데이트, 찌찌친구들과 쭈하 첫 만남, 눈물의 이별 ...✨",SuWGN3kvVfo,20250321,https://i.ytimg.com/vi/SuWGN3kvVfo/maxresdefault.jpg,599385,12865.0,836.0,46:05,"('해쭈 [HAEJOO]', '@HAEJOOOOO')",834000,일상/브이로그
나홀로 런던가서 여기저기 싸돌아다니는 브이로그 ep.3  🇬🇧🥯📮 (노팅힐 토트넘 비베이글? 다 가줄게….),kUMYdbo1dO4,20250322,https://i.ytimg.com/vi/kUMYdbo1dO4/maxresdefault.jpg,5286,,27.0,28:18,"('강햄콩', '@kanghamkong')",1710,일상/브이로그
오사카 vlog 내가 먹은 것들 ..🥣,mjHEpPO4p64,20250321,https://i.ytimg.com/vi/mjHEpPO4p64/maxresdefault.jpg,70693,1078.0,89.0,17:30,"('태리태리 taeritaeri', '@taeri_taeri')",603000,일상/브이로그
vlog * 피시방 알바 브이로그 | 대한민국이 휘청하겠구먼... 🇰🇷,MfphnZ2di_0,20250224,https://i.ytimg.com/vi/MfphnZ2di_0/maxresdefault.jpg,315767,4055.0,346.0,13:08,"('도민이', '@domintwo')",273000,일상/브이로그
"움직이는 작은 집, 나홀로 아늑한 자동차 캠핑/ 캠핑 브이로그 / 맛있는 수육 요리와 건강한 아침 식사",pN52Ph07YrI,20250323,https://i.ytimg.com/vi/pN52Ph07YrI/maxresdefault.jpg,56673,2984.0,130.0,20:36,"('캠핑쥐campingG', '@campingG')",460000,일상/브이로그
블루투스 먹방  🍲 직장인 브이로그 부산여행 낙곱새 마라탕 조개구이 낙지탕탕이 밀면 회 어묵탕 돼지국밥 항정수육  복국 영양제추천 다이소 추천템 겟레디윗미 나이트루틴 일주일 출근,77QNJaViUmA,20250322,https://i.ytimg.com/vi/77QNJaViUmA/maxresdefault.jpg,56351,1199.0,126.0,28:57,"('최씨 choi_ssi', '@choi_ssi')",65500,일상/브이로그
"복학, 그리고 개강 브이로그 (ft. 기숙사 생활)",C5e_za2YKII,20250323,https://i.ytimg.com/vi/C5e_za2YKII/maxresdefault.jpg,11363,157.0,45.0,8:06,"('꽈기', '@Kwak_ii')",28700,일상/브이로그
"CAMCORDOOR | 진짜로 불멍하고 왔어요 | 이한 나홀로 캠핑 Vlog🏕️ | '한태산' 선인장 첫 만남 | 바비큐, 마시멜로 - BOYNEXTDOOR (보이넥스트도어)",j5SXPIXQUHU,20250214,https://i.ytimg.com/vi/j5SXPIXQUHU/maxresdefault.jpg,583392,34318.0,1900.0,19:58,"('BOYNEXTDOOR', '@boynextdoor_official')",1650000,일상/브이로그
돌싱 브이로그 | 무언가 안 풀리는 하루,0_ASy3lASuo,20250323,https://i.ytimg.com/vi/0_ASy3lASuo/maxresdefault.jpg,33564,838.0,242.0,13:49,"('신태디', '@taedeee')",47500,일상/브이로그
"사기꾼 잡기 브이로그 EP1. 중고나라  (배달테러, 전화테러)",GSvMRuZY2RQ,20241002,https://i.ytimg.com/vi/GSvMRuZY2RQ/maxresdefault.jpg,1071110,13085.0,990.0,8:24,"('진두부', '@dubu2002')",238000,일상/브이로그
우울해서 클럽 갔다 현타 씨게맞고 현생복귀 브이로그 *폭싹속았수다 현실리액션˙ᵕ˙՞°·.,Do8mzmPYfEQ,20250322,https://i.ytimg.com/vi/Do8mzmPYfEQ/maxresdefault.jpg,29389,453.0,77.0,19:04,"('진진JINJIN', '@jin112jin')",164000,일상/브이로그
"30대 직장인 절약 브이로그 | 절약러 소비주간 | 워킹맘 시간활용 | 집 매도 팁 | 남편방 몰래 침입 | 요즘 듣는 강의 | 새똥테러 | 전통시장 | 냉파(두루치기,수육)",A69DgS0dpYQ,20250323,https://i.ytimg.com/vi/A69DgS0dpYQ/maxresdefault.jpg,32993,1088.0,210.0,20:20,"('재테크 하는 엄마 파이부', '@ffivu_05')",17000,일상/브이로그
여사친이랑 1박2일 호캉스 브이로그,dTK4yjGHenk,20250325,https://i.ytimg.com/vi/dTK4yjGHenk/maxresdefault.jpg,201560,4819.0,297.0,19:51,"('황룡갑', '@황룡갑')",374000,일상/브이로그
[VLOG] 경축! 예린 뒤집기 성공 👼🏻 그리고 승부욕 대장 태하오빠 👊🏻,1qpAUZIJcOk,20250323,https://i.ytimg.com/vi/1qpAUZIJcOk/maxresdefault.jpg,664471,13393.0,586.0,22:57,"('태요미네', '@taeyomine')",912000,일상/브이로그
먹방브이로그) 꾹꾹 눌러왔던 식욕 ..🥹그날인거 알고 터트리기!!!! (투썸 스초생+갸또쇼콜라+크림빵/진짬뽕/라면먹방/곱도리탕+치즈돈까스/어글리베이커리/디저트먹방/폭식브이로그,z85obtaLd3g,20250321,https://i.ytimg.com/vi/z85obtaLd3g/maxresdefault.jpg,330903,3789.0,276.0,27:28,"('가오니의 메뉴판GAONI', '@gaoni6979')",432000,일상/브이로그
[HANIWAJJONG] I-GOYA in Hungary #1 | 브이로그의 탈을 쓴 밥이나 먹자요🍚🥢 | 여유낭만 넘치는 부다페스트 산책🏃✨,qFw70-LYQGQ,20241104,https://i.ytimg.com/vi/qFw70-LYQGQ/maxresdefault.jpg,629700,63040.0,3400.0,20:47,"('SEVENTEEN', '@pledis17')",14000000,일상/브이로그
사춘기 와버린 9살 어린 동생을 위한 FLEX,J7bLQ69Fe-U,20250323,https://i.ytimg.com/vi/J7bLQ69Fe-U/maxresdefault.jpg,187887,2236.0,225.0,8:15,"('예보링 ', '@yeboring')",341000,일상/브이로그
[VLOG] 얼집가고 할찌 집가고 서울가고 외식하고 멈머 생일축하해주는 브이로그,e_UtndJIdMM,20250203,https://i.ytimg.com/vi/e_UtndJIdMM/maxresdefault.jpg,904473,15553.0,669.0,30:39,"('리쥬라이크 LIJULIKE', '@LIJULIKE')",900000,일상/브이로그
[VLOG] 개강 3주차. 무인양품 하울하고 전공 과목 과제하는 대학생 공부 브이로그 | 무채색. 오설록. 무인양품 하울,73SZG-JJQM8,20250321,https://i.ytimg.com/vi/73SZG-JJQM8/maxresdefault.jpg,19878,592.0,29.0,9:40,"('Nunu누누', '@OFJOL')",40200,일상/브이로그
"아 행복햌!! (먹방 브이로그) 아구찜,볶음밥,불닭볶음면,참치마요덮밥,상하이버거,설빙두바이초코잔망루피빙수,요거톡스타볼,레몬비스킷머랭,초코필로우크런치",51R5BmCoayU,20250323,https://i.ytimg.com/vi/51R5BmCoayU/maxresdefault.jpg,13332,171.0,37.0,22:33,"('수연이수연', '@suyeonie_o')",12200,일상/브이로그
Vlog | 공무원 직장인 브이로그 | 지금 지쳤나요? 네... | 부서이동 후 여전히 적응 중 | 뉴 키보드 언박싱 | 연희동 나들이,gikEdOZa6vs,20250323,https://i.ytimg.com/vi/gikEdOZa6vs/maxresdefault.jpg,8772,114.0,45.0,25:59,"('손너울', '@uuneoul')",4900,일상/브이로그
Room Tourㅣ숲속 카페같은 이층집 룸투어 🏡ㅣ집들이 브이로그,IRsShNhalJY,20241110,https://i.ytimg.com/vi/IRsShNhalJY/maxresdefault.jpg,1002738,,1100.0,26:14,"('Hamimommy', '@hamimommy')",2710000,일상/브이로그
D-38•고2의 시험기간 브이로그 | 공부자극 | 시험기간 | 노래방 | 브이로그 | 스터디,58ka9Ik3_k0,20250322,https://i.ytimg.com/vi/58ka9Ik3_k0/maxresdefault.jpg,10117,,35.0,8:42,"('다올', '@daol_o8')",3540,일상/브이로그
평범한 브이로그는 처음이라,5FWoZFIghJg,20250301,https://i.ytimg.com/vi/5FWoZFIghJg/maxresdefault.jpg,772211,9562.0,527.0,17:52,"('엄지렐라 Umjirella', '@umjirella')",299000,일상/브이로그
[먹방브이로그] 야식끊기vs행복한 돼지로 살기♪(๑ᴖ🐽ᴖ๑)♪ ❤︎( 엽떡로제 육회쫄면 훠궈 망고빙수 한신포차닭발 맛닭꼬 순대국 포장마차 쌀국수 분짜 미역국 파스타 카레 샌드위치),kJ7S-A-G9Ss,20250321,https://i.ytimg.com/vi/kJ7S-A-G9Ss/maxresdefault.jpg,128521,1910.0,229.0,27:03,"('먹지희Mukjihee', '@mukjihee')",128000,일상/브이로그
vlog * 피시방 알바 브이로그 | 피시방 레전드 댓글모음 (아님),8pwzBBXapow,20250308,https://i.ytimg.com/vi/8pwzBBXapow/maxresdefault.jpg,203858,3036.0,344.0,10:42,"('도민이', '@domintwo')",273000,일상/브이로그
[다이어트브이로그#2] 3일동안 계란이랑 단백질바만 먹으면 얼마나 빠질까?🥚,wuzha3bWnh4,20250323,https://i.ytimg.com/vi/wuzha3bWnh4/maxresdefault.jpg,13318,,35.0,12:39,"('국화빵', '@Gookhwappang')",13400,일상/브이로그
"헬스장 알바생의 먹방 브이로그ㅣ퇴근 후엔 방구석에서 맛도리들과 함께💫ㅣ명랑핫도그,BBQ양념,황금올리브,피자스쿨 고구마+불닭,요아정+그릭요거트,연세딸기피쵸,레드벨벳,프로티원 딸기",APOjmyLGaVQ,20250321,https://i.ytimg.com/vi/APOjmyLGaVQ/maxresdefault.jpg,10478,61.0,11.0,26:46,"('잠비Jambi', '@Jambi잠비')",1140,일상/브이로그
서바이벌 오디션 준비하는 유니를 위한 힐링 타임 아빠와 함께한 홍대 데이트 버스킹 마사지 고양이카페 가족 일상 브이로그 별난가족,AqTb5SBsz6w,20250323,https://i.ytimg.com/vi/AqTb5SBsz6w/maxresdefault.jpg,55036,663.0,134.0,10:59,"('별난 가족 byulnan family', '@별난가족')",265000,일상/브이로그
뉴욕에서 이별 브이로그 / 20명과 바람핀 외국인 남친 참교육 2탄,_niHycjmLt8,20250323,https://i.ytimg.com/vi/_niHycjmLt8/maxresdefault.jpg,27016,739.0,213.0,42:29,"('Eveline', '@도새로이-Evelyn')",2210,일상/브이로그
항저우 브이로그 126ㅣ👶🏻누가 저출산이래? BABY의 축복이 내리는 일상✨ㅣ🇨🇳초호화 중국 산후조리원 구경하기ㅣ한국-중국 출산문화차이🔥ㅣ우리의 자녀관은?,9a6fs3z5oX8,20250324,https://i.ytimg.com/vi/9a6fs3z5oX8/maxresdefault.jpg,285098,6612.0,800.0,12:45,"('여단오_yeodano', '@yeodano')",267000,일상/브이로그
키성장주사 2주동안 열심히 맞고 키 재봤습니다.. 많이 컸을까요?? 주말일상 브이로그 | 뚜아뚜지TV,3ai1lMkah8Q,20250321,https://i.ytimg.com/vi/3ai1lMkah8Q/maxresdefault.jpg,109424,1426.0,606.0,16:52,"('뚜아뚜지TV', '@뚜아뚜지TV')",1500000,일상/브이로그
서울대 학식 브이로그!,ZqeGcVWPPy4,20250324,https://i.ytimg.com/vi/ZqeGcVWPPy4/maxresdefault.jpg,533470,8504.0,700.0,21:01,"('정현규', '@am01h23m-1')",38200,일상/브이로그
무려 6번을 재업한 겨울방학 자기관리 브이로그,nhlJMaIAwNc,20250124,https://i.ytimg.com/vi/nhlJMaIAwNc/maxresdefault.jpg,118669,3843.0,290.0,13:16,"('nova', '@nova_486')",6460,일상/브이로그
[vlog] 승헌쓰 선배랑 이틀 연속 데이트 ~♥,N8i7hFZ58uU,20240913,https://i.ytimg.com/vi/N8i7hFZ58uU/maxresdefault.jpg,1831960,34594.0,2300.0,28:09,"('찰스엔터', '@CharlesEnter')",708000,일상/브이로그
후다닥 2박3일 제주도 브이로그 (브샤했음),vgWoHGIXrG8,20250323,https://i.ytimg.com/vi/vgWoHGIXrG8/maxresdefault.jpg,2968,65.0,13.0,19:33,"('다루 daroosesang', '@daroosesang')",30400,일상/브이로그
"vlog | 마트에서 장보고 냉이김밥 🐙 매콤한 쭈꾸미 볶음 만드는 집순이의 삼시세끼 집밥, 요즘 푹 빠진 짜파구리, 추억의 감자샐러드, 쌀국수, 딤섬 최애 레시피",2ibmO1C-Oqg,20250310,https://i.ytimg.com/vi/2ibmO1C-Oqg/maxresdefault.jpg,335581,7515.0,277.0,30:16,"('Jihyunkkung', '@jhyun_u')",2990000,일상/브이로그
[VLOG] 직장인 브이로그 I 아이폰16플러스 결국 샀다🍎… I 중소기업 사무직 I 사무직 브이로그 I 대표님과 스몰토크💬 I 건설업 경리 업무 I 직장인 일상 I 키보드asmr,l9o8UhkOQm8,20250322,https://i.ytimg.com/vi/l9o8UhkOQm8/maxresdefault.jpg,5080,59.0,9.0,8:34,"('소연SOYOUN', '@Oingsoyn39')",2550,일상/브이로그
"싱크로율 100%, 동숲 주민처럼 하루 살기 브이로그",aoG_TDxarIU,20250322,https://i.ytimg.com/vi/aoG_TDxarIU/maxresdefault.jpg,360082,9606.0,982.0,14:48,"('아오니 AONI', '@아오니')",568000,일상/브이로그
브이로그 #174 10cm차이 기념 촬영👩🏻👦🏻기용이가 잡아온 랍스타🦞천안 이봉원짬뽕 🍜,w2IxQu6NYbg,20250322,https://i.ytimg.com/vi/w2IxQu6NYbg/maxresdefault.jpg,60551,792.0,79.0,18:07,"('기용이tv', '@kiyongtv')",235000,일상/브이로그
VLOG. 달다... 휴학의 맛 🦦 | 에버랜드 눈치게임 성공 | 두번째 플리마켓 👚 | 인생 머리를 만나다.. | 자취 일상 브이로그,n70U3xRae9k,20250322,https://i.ytimg.com/vi/n70U3xRae9k/maxresdefault.jpg,36227,629.0,47.0,18:18,"('개횬 gaehyon', '@_gaehyun')",86200,일상/브이로그
"1,2,3 IVE 5 헤헤즈 퇴근 브이로그",9lp-OYXZxaQ,20241118,https://i.ytimg.com/vi/9lp-OYXZxaQ/maxresdefault.jpg,231011,10179.0,326.0,2:02,"('IVE', '@IVEstarship')",4220000,일상/브이로그
폭싹 속았수다 민옥이~ 엄지원의 촬영장 브이로그🎬,lbOK4XhDW1c,20250320,https://i.ytimg.com/vi/lbOK4XhDW1c/maxresdefault.jpg,404804,8886.0,616.0,8:25,"('Actor Jiwon Uhm', '@Umjiwon')",129000,일상/브이로그
"[Vlog] 정원, 성훈, 니키의 농장 브이로그 - ENHYPEN (엔하이픈)",3QUVMmH-vZA,20240430,https://i.ytimg.com/vi/3QUVMmH-vZA/maxresdefault.jpg,981342,82112.0,2300.0,21:33,"('ENHYPEN', '@ENHYPENOFFICIAL')",11500000,일상/브이로그
그저 늙어갈뿐인 3년차 직장인 지옥철 출퇴근 브이로그(현실적인 직장인 브이로그),f-d7hU_76X8,20250310,https://i.ytimg.com/vi/f-d7hU_76X8/maxresdefault.jpg,103240,1882.0,479.0,16:09,"('정못취', '@me_brother')",92500,일상/브이로그
"VLOG 베이징덕 먹으러 베이징 당일치기 여행 옴🇨🇳 (난뤄구샹, 스치하이, 산리툰)",zzLxHxJy6hM,20250316,https://i.ytimg.com/vi/zzLxHxJy6hM/maxresdefault.jpg,30998,1382.0,161.0,9:32,"('SEBIN', '@seb1nnn')",909000,일상/브이로그
그냥.. 평범한 브이로그,Dt5yWaIydO8,20250228,https://i.ytimg.com/vi/Dt5yWaIydO8/maxresdefault.jpg,171337,3435.0,373.0,32:59,"('wako', None)",181000,일상/브이로그
vlog | 고2 전교회장의 제주도 수학여행 브이로그 EP.1,yqfsAceb3r0,20241124,https://i.ytimg.com/vi/yqfsAceb3r0/maxresdefault.jpg,138035,1946.0,295.0,17:19,"('김채하', '@rowhff030')",4260,일상/브이로그
[이별 브이로그] 이거 보면 연락해 오빠…,QbeRVvaJYo0,20250210,https://i.ytimg.com/vi/QbeRVvaJYo0/maxresdefault.jpg,103204,718.0,163.0,1:44,"('호념진상', '@모몰르앙')",2380,일상/브이로그
누가 내 인터파크 해킹해서 티켓 사둠 ㅋㅋㅋ     #세븐틴#콘서트브이로그,2Y2n8d7mqZ4,20250323,https://i.ytimg.com/vi/2Y2n8d7mqZ4/maxresdefault.jpg,83185,4798.0,421.0,10:15,"('소년 박승훈', '@boyforever00')",408,일상/브이로그
아이돌 집에서 하숙범 하는 브이로그 and more . .,fGtNLT7Y9zI,20250224,https://i.ytimg.com/vi/fGtNLT7Y9zI/maxresdefault.jpg,185909,3575.0,254.0,21:32,"('마복필', '@mabokpil3')",224000,일상/브이로그
"아오니의 ""혼자 일본 여행"" 브이로그★ (feat.동숲 이치방쿠지)",mj7UzflYqdY,20240405,https://i.ytimg.com/vi/mj7UzflYqdY/maxresdefault.jpg,1062961,17968.0,1100.0,25:16,"('아오니 AONI', '@아오니')",568000,일상/브이로그
인급동1위 유튜버랑 맞짱뜨는 취준생 브이로그,sgCCjZbJOCA,20250316,https://i.ytimg.com/vi/sgCCjZbJOCA/maxresdefault.jpg,754221,12930.0,525.0,23:59,"('빠더너스 BDNS', '@bdns')",1890000,일상/브이로그
"CAMCORDOOR | 대학생으로 하루 살기 | 명재현 휴일 Vlog | 자작곡 감상, 만화 카페 불짜계치 먹방, 동묘 - BOYNEXTDOOR (보이넥스트도어)",0NUOv-tMZ5A,20250323,https://i.ytimg.com/vi/0NUOv-tMZ5A/maxresdefault.jpg,344007,27588.0,1800.0,27:30,"('BOYNEXTDOOR', '@boynextdoor_official')",1650000,일상/브이로그
일본어학교 졸업식 브이로그,mwWSyXEozL4,20250315,https://i.ytimg.com/vi/mwWSyXEozL4/maxresdefault.jpg,359089,7440.0,247.0,6:26,"('수쩡민', '@whatisthisimjjungmin')",315000,일상/브이로그
알콜쓰레기 스무살의 과음 브이로그,mstf8MDtEso,20250124,https://i.ytimg.com/vi/mstf8MDtEso/maxresdefault.jpg,337498,6613.0,953.0,34:54,"('wako', None)",181000,일상/브이로그
"먹방 브이로그) 맛있는 거 먹을 때 제일 행복한 사람..💖 (미친피자+신라면 치즈볶음면, BBQ 황금올리브, 역대급김치찜, 스타벅스 맘모스, 케이크, 설빙 두바이초콜릿 빙수)",mkRq5e1ZXGQ,20250322,https://i.ytimg.com/vi/mkRq5e1ZXGQ/maxresdefault.jpg,32979,480.0,85.0,23:26,"('나나Nanasserie', '@Nanasserie')",299000,일상/브이로그
암환자 브이로그 | 항암 못한다구요...? 눈물날땐 떡볶이 | 유방암 2기,XumpjIucKYw,20250321,https://i.ytimg.com/vi/XumpjIucKYw/maxresdefault.jpg,36845,606.0,161.0,13:00,"('지미록 Gmelog', '@지미록Gmelog')",1120,일상/브이로그
엄채아 롯데월드 데이트 브이로그🎡,IntKMwUnXHc,20250318,https://i.ytimg.com/vi/IntKMwUnXHc/maxresdefault.jpg,76951,1115.0,80.0,10:14,"('엄지렐라 Umjirella', '@umjirella')",299000,일상/브이로그
기분까지 좋아지는 봄맞이 집 청소 브이로그 🫧,BPlepcjGJcg,20250319,https://i.ytimg.com/vi/BPlepcjGJcg/maxresdefault.jpg,297713,,444.0,16:10,"('Hamimommy', '@hamimommy')",2710000,일상/브이로그
항저우 브이로그 124ㅣ한중커플ㅣ🔥본격 국제연애 비추영상(?)ㅣ우울극복일상💦ㅣ아기돼지랑 호수나들이+스사찍기📸ㅣ마오쥔젤 먹방ㅣ썩렌타인 케이크,XTVbnHWvkOU,20250303,https://i.ytimg.com/vi/XTVbnHWvkOU/maxresdefault.jpg,394975,8082.0,896.0,21:26,"('여단오_yeodano', '@yeodano')",267000,일상/브이로그
[반포맘 초대] 🎀대치동 1년차 🎀 브이로그 - 사교육 엄청 시키는 엄마들 모임⚡️,TuzMMbg4RCQ,20230724,https://i.ytimg.com/vi/TuzMMbg4RCQ/maxresdefault.jpg,160362,629.0,345.0,10:23,"('강남주부', '@lovenamju')",2470,일상/브이로그
"vlog * 피시방 알바 브이로그 | 출근 전, 보고 가면 좋은 영상 715위",-5sIfcoVkDE,20250113,https://i.ytimg.com/vi/-5sIfcoVkDE/maxresdefault.jpg,298824,4130.0,286.0,10:08,"('도민이', '@domintwo')",273000,일상/브이로그
Cafe Vlog | 그가 떠납니다.. | 디저트카페 | 카페 창업 | dessert | 베이킹클래스 | 카페브이로그 | 카페폐업 | 카페 알바 | 디저트 | 먹방 | 알바브이로그,ZaQuM3MBLGM,20250302,https://i.ytimg.com/vi/ZaQuM3MBLGM/maxresdefault.jpg,95396,7982.0,2700.0,18:57,"('밀우 mealwoo', '@mealwoo')",123000,일상/브이로그
"집밥 지분율 80%인데 엥겔지수 폭팔하는 브이로그 / 맘스터치 핫치즈빅싸이순살 / 찜닭, 잡채밥 / 송도 베이커리율교",9B66dRxpoEY,20250312,https://i.ytimg.com/vi/9B66dRxpoEY/maxresdefault.jpg,202290,3126.0,296.0,17:00,"('hongsi 홍시', '@hongsi_v')",584000,일상/브이로그
"남매 브이로그👶🏻 자기주도 이유식, 유치원 입학 준비, 부대찌개, 야식, 피자, 직원 회식, 7개월 아기, 스시 맛집, 닭갈비",bXHSAxoZJac,20250308,https://i.ytimg.com/vi/bXHSAxoZJac/maxresdefault.jpg,288236,4954.0,338.0,21:24,"('yoovlog', '@yoovlog')",467000,일상/브이로그
[vlog] 내신1점대 고3의 평일 24시간 브이로그 •여고 •07 •공부,fWYLgbyYDMg,20250325,https://i.ytimg.com/vi/fWYLgbyYDMg/maxresdefault.jpg,25843,411.0,20.0,8:23,"('채현이챈', '@채현이챈')",1040,일상/브이로그
가평 아니고 🇨🇭스위스.. 다녀왔습니다^^ | Vlog,cC8f_9uE4CE,20250317,https://i.ytimg.com/vi/cC8f_9uE4CE/maxresdefault.jpg,542733,12852.0,803.0,20:17,"('느낌적인느낌', '@feellikefeel')",620000,일상/브이로그
관제실기 시험기간 브이로그 | 매일 도서관 출근 | 학교에 비행기가 있으면 좋은 점,J01CKeLOPb0,20250323,https://i.ytimg.com/vi/J01CKeLOPb0/maxresdefault.jpg,10634,223.0,24.0,12:13,"('younme유나', '@myouxname')",22300,일상/브이로그
vlog 뉴욕으로 떠난 조여울,GZnI0ColHU0,20250321,https://i.ytimg.com/vi/GZnI0ColHU0/maxresdefault.jpg,17799,,140.0,7:46,"('조여울', '@qqhroa')",20400,일상/브이로그
🔥주말 글램핑 브이로그 .. ⛺,lWW8UllNW_c,20250323,https://i.ytimg.com/vi/lWW8UllNW_c/maxresdefault.jpg,29260,1688.0,521.0,4:25,"('콩녕', '@이츠콩녕')",54600,일상/브이로그
[IU TV] 얼굴만 봐도 즐거운 관식이네 회사 탐방 vlog (feat. 가요무대),9Bl3RvJpya4,20250312,https://i.ytimg.com/vi/9Bl3RvJpya4/maxresdefault.jpg,1265326,42419.0,1700.0,19:06,"('이지금 [IU Official]', '@dlwlrma')",9950000,일상/브이로그
맛있는 디저트와 음식이 먹고싶어 떠난 나홀로 부산여행 브이로그,pCsO2ytLZfA,20250301,https://i.ytimg.com/vi/pCsO2ytLZfA/maxresdefault.jpg,82831,1992.0,80.0,24:00,"('ondo온도', '@ondovlog')",1220000,일상/브이로그
vlog * 피시방 알바 브이로그 | 이게왜진짜,ZxfA_yMtYUM,20241216,https://i.ytimg.com/vi/ZxfA_yMtYUM/maxresdefault.jpg,652823,7717.0,524.0,12:08,"('도민이', '@domintwo')",273000,일상/브이로그
다시 돌아온 수밤것의 출근 브이로그,KZ_4lxLLayc,20250308,https://i.ytimg.com/vi/KZ_4lxLLayc/maxresdefault.jpg,557850,10347.0,2900.0,7:54,"('수밤이', '@수밤이')",152000,일상/브이로그
"밥먹은지 2시간 지나면 배고픈 땃쥐🫠 │ 이태원 19금 만화카페, 은혜즉석떡볶이, 양꼬치, 훠궈, 북경오리, 동파육, 스시 오마카세 먹방 브이로그",jNFEjpSxubo,20250317,https://i.ytimg.com/vi/jNFEjpSxubo/maxresdefault.jpg,13678,285.0,37.0,26:20,"('효비HyoBee', '@HyobeeVlog')",54100,일상/브이로그
sub) 개강 브이로그 🇬🇧 개맛있는 런던 마라샹궈ㅣ공항에서 오열 💦 일주일 결석한 강의 따라잡기,y1o0TsK3RUY,20250221,https://i.ytimg.com/vi/y1o0TsK3RUY/maxresdefault.jpg,205177,5036.0,541.0,23:12,"('deemd 딤디', '@deemd')",983000,일상/브이로그
"돌아온 일본 초등학생 도시락 브이로그 | 도쿄 에비포타,우미호타루",bSPZaig7ydc,20250323,https://i.ytimg.com/vi/bSPZaig7ydc/maxresdefault.jpg,19702,585.0,52.0,21:23,"('Hyonchan', '@hyon')",101000,일상/브이로그
아오니의 혼자 서울 여행 브이로그 (feat.닌텐도 팝업),4fJdGWOV0_A,20231022,https://i.ytimg.com/vi/4fJdGWOV0_A/maxresdefault.jpg,1015786,15053.0,1200.0,15:02,"('아오니 AONI', '@아오니')",568000,일상/브이로그
🏫 친구 0명 유사백수 개강 일주일 | 일상 브이로그 | 대학생 • 독서템 소개 • 시머스 향수,70cG-RspL0s,20250323,https://i.ytimg.com/vi/70cG-RspL0s/maxresdefault.jpg,9711,382.0,51.0,12:58,"('구제영 9Z0', '@koozeyoung')",16800,일상/브이로그
"ENG│새로 산 주방용품 언박싱. 팔뚝만한 김밥 만들어 금식 대비하는 자취일상.누드김밥과 황태라면, 에그콩피 │  골뱅이파스타 │  달래새우전",Dh4PlGiK4j0,20250126,https://i.ytimg.com/vi/Dh4PlGiK4j0/maxresdefault.jpg,933064,24259.0,526.0,35:40,"('planD플랜디', '@plan_d')",2250000,일상/브이로그
[뉴욕vlog] 18년 만에 고향에 찾아간 찰스! 아니 엔젤라,pewK1C-8fJ8,20241217,https://i.ytimg.com/vi/pewK1C-8fJ8/maxresdefault.jpg,782798,12654.0,1100.0,43:57,"('찰스엔터', '@CharlesEnter')",708000,일상/브이로그
[VLOG] 깔끔한 남자랑 살면 좋은점?🤔 (극과극 부부의 봄맞이 청소),_UWftBNsaow,20250319,https://i.ytimg.com/vi/_UWftBNsaow/maxresdefault.jpg,202877,2792.0,162.0,20:12,"('현주투성이', '@jjuya_r')",136000,일상/브이로그
의외로 야구장에서 해도 되는 행동! 그건 바로 부활이에요🙆🏻‍♀️ 롯데자이언츠 vs 엘지트윈스 개막전 야구 브이로그,-7AHY8ZBUNE,20250322,https://i.ytimg.com/vi/-7AHY8ZBUNE/maxresdefault.jpg,39149,1297.0,654.0,12:11,"('라젤Razel', '@razel217')",35100,일상/브이로그
"P손에 이끌려 당일에 떠난 대만여행 v-log ✈️  /현지 팬 추천 대만 맛집 리스트 공개! 이대로만 가면 절대 실패 없음!🔥/ 우육면,버블티,야시장",ruD_eOOjL58,20250319,https://i.ytimg.com/vi/ruD_eOOjL58/maxresdefault.jpg,130708,2929.0,240.0,18:15,"('다혜가다했다DAHYE', '@DaHYeSong')",147000,일상/브이로그
브이로그 V-LOG,EGjI0xRsY9Q,20220323,https://i.ytimg.com/vi/EGjI0xRsY9Q/maxresdefault.jpg,874768,17851.0,610.0,2:24,"('정승제사생팬', '@Jung4Fan')",317000,일상/브이로그
마이크 바꾼 핑계로 배달음식 파티하는🍗🍝먹방VLOG/골드슈프림양념치킨+마라짜파게티/마라샹궈+군만두/바싹불고기피자+스파게티/불쭈꾸미덮밥+새우튀김/딸기초코케이크+쫀득쿠키/과자파티,pvvEYi2_-v8,20250322,https://i.ytimg.com/vi/pvvEYi2_-v8/maxresdefault.jpg,82179,753.0,62.0,28:32,"('비연Beeyeon', '@beeyeon3909')",255000,일상/브이로그
"미국 브이로그 🇺🇸 한인마트 쓸어담기 위한 지옥의 냉털 🔥 얼마나 텅텅비어가는지.. l 냉털 참치야채죽, 된장 수육, 부추김치볶음밥, 냉동제품 다 털어 파티 l 미국일상",AT_6XHhPInc,20250322,https://i.ytimg.com/vi/AT_6XHhPInc/maxresdefault.jpg,73060,2862.0,240.0,14:13,"('미국새댁 우하루 Wooharu', '@Wooharu')",66700,일상/브이로그
성심당 샌드위치 매장 털고 호두랑 힐링하는 본가 브이로그🥪✨ 할머니댁에서 쟁반짜장 먹방 • 미키17 혼영 • 엄마 옷 쇼핑 • 상추 키우기 • 닭볶음탕 • 성심당 샌드위치 정거장,wFBt9F05aVE,20250313,https://i.ytimg.com/vi/wFBt9F05aVE/maxresdefault.jpg,64457,1590.0,168.0,22:13,"('콩빈Cong Been', '@congbeen')",86000,일상/브이로그
[VLOG] 집 구하기부터 이사까지!🏡ㅣ서울 6평 오피스텔 이사🚛ㅣ찐자취 꿀템 추천ㅣ자취방 인테리어ㅣ집 꾸미기ㅣ서울 오피스텔 자취ㅣ대학생 자취,RzeemY4j_54,20250204,https://i.ytimg.com/vi/RzeemY4j_54/maxresdefault.jpg,156445,2353.0,86.0,18:37,"('뇽 Nyong', '@__Nyong')",14500,일상/브이로그
2탄! 나 말고 송애교 브이로그..,Mglpmg0biUM,20250116,https://i.ytimg.com/vi/Mglpmg0biUM/maxresdefault.jpg,2923027,67988.0,6100.0,31:28,"('걍밍경', '@iammingki')",1450000,일상/브이로그
[DAY6 VLOG] Kang Young Hyun VLOG in Bali #2 | Saw a Monkey in Bali & Took a Private Jet! 🙈✈,coEhQ77W8uY,20250312,https://i.ytimg.com/vi/coEhQ77W8uY/maxresdefault.jpg,148130,10285.0,623.0,15:17,"('DAY6', '@DAY6Official')",2200000,일상/브이로그
처음으로 성장주사 맞는 날.. 가족들이 울음바다가 됐어요 ㅠ.ㅠ 뚜아는 무서워서 울고 뚜맘은 왜 울어??? 가족일상 브이로그 | 뚜아뚜지TV,ZXAjknLfsE8,20250306,https://i.ytimg.com/vi/ZXAjknLfsE8/maxresdefault.jpg,240791,2895.0,689.0,16:19,"('뚜아뚜지TV', '@뚜아뚜지TV')",1500000,일상/브이로그
소방 브이로그ㅣ24시간 근무하는 구급대원 일상ㅣ집 계약 최종 과정ㅣ만리장성 짜장 짬뽕 탕수육까지ㅣ다이어트 시작 식단 몸무게 눈바디ㅣ운동,jplZ2KftcC4,20250322,https://i.ytimg.com/vi/jplZ2KftcC4/maxresdefault.jpg,3251,58.0,29.0,11:27,"('성규는 못말려', '@Sungkyu-Vlog')",5060,일상/브이로그
대학생 시험기간 vlog | 7전공 듣는 3학년의 기말고사 | 팀플 지옥은 덤😶‍🌫️,8zvnzfCssOw,20241223,https://i.ytimg.com/vi/8zvnzfCssOw/maxresdefault.jpg,162078,4559.0,91.0,17:07,"('디니 Deeni', '@Deeeenii')",16600,일상/브이로그
아파서 학원 빠졌지만 새벽까지 공부하는 고등학생 일상 브이로그│헬로음이유니,_FcdbEZnjcM,20250321,https://i.ytimg.com/vi/_FcdbEZnjcM/maxresdefault.jpg,41937,679.0,76.0,12:47,"('Helloeum2Uni', '@helloeum2uni')",248000,일상/브이로그
무계획 P의 첫 혼자 여행 브이로그.. (*J 시청 금지),mAfgih1JO2Q,20250130,https://i.ytimg.com/vi/mAfgih1JO2Q/maxresdefault.jpg,349923,5969.0,384.0,45:43,"('입짧은햇님', '@short_mouth_sun')",1760000,일상/브이로그
"대학생 아들 기숙사에서 돌아오는 날 일상 (아들은 술 마시고, 엄마는 해장국 담당) 마이맘 TV",Kgazp_H2C-I,20250319,https://i.ytimg.com/vi/Kgazp_H2C-I/maxresdefault.jpg,86421,1324.0,60.0,9:03,"('마이맘 TV', '@mymtv')",219000,일상/브이로그
생일이라고 제주도까지 날라온 찐친들때메 우는 브이로그,Su-OhMAsyDU,20250223,https://i.ytimg.com/vi/Su-OhMAsyDU/maxresdefault.jpg,260167,5668.0,417.0,14:12,"('아가리어터', '@0r7r2l')",425000,일상/브이로그
🫧치과브이로그#65🪥인형계 브이로그 인형놀이 인형 치과 인형아픔 인형 asmr 힐링케어 먹방 힐링 케어로그 치과 병원놀이 추천 관리자님 추천뜨게해주세요 안보면후회 헿휘핑 인형계,dDI3n_1CngE,20250323,https://i.ytimg.com/vi/dDI3n_1CngE/maxresdefault.jpg,39510,,349.0,4:17,"('헿휘핑', '@헿휘핑')",54100,일상/브이로그
vlog 직장인브이로그. 남 일도 내 일인 문과장. 봄 자켓 추천💛플리마켓 공지. 3만원대 갓성비 로퍼👞구독자이벤트. 데일리룩. 출근룩. 패션하울. 닐바이피.,DGuf12QYkLo,20250322,https://i.ytimg.com/vi/DGuf12QYkLo/maxresdefault.jpg,43376,933.0,433.0,31:01,"('지애Jiae', '@jiae688')",84700,일상/브이로그
겨울방학 계획표 짰는데 매일 화장을한다고..!!?? 결국 올리브영가서 화장품 샀어요! 겨울방학 준비하기 가족 일상 브이로그,D_TBJyVXsWI,20241220,https://i.ytimg.com/vi/D_TBJyVXsWI/maxresdefault.jpg,222419,1755.0,623.0,13:27,"('유유타이거_유타가족TV', '@유유타이거')",292000,일상/브이로그
"[여행vlog] 대만 48시간만 있어도 야시장,맛집 다 갔다 올 수 있는 찍먹여행🇹🇼",49IztA3E7MM,20250311,https://i.ytimg.com/vi/49IztA3E7MM/maxresdefault.jpg,125466,1779.0,156.0,43:07,"('예소리SSOL', '@ssol9743')",243000,일상/브이로그
"다이어트 중에 통대창 파티하는 사람 어떤데? 짜장면 먹방, 소곱창 대창 곱창전골 먹방,김치찌개 먹방, 집밥먹방, 육개장먹방 먹방브이로그, 다이어트 브이로그  MUKBANG VLOG",on93ILxbNnU,20250321,https://i.ytimg.com/vi/on93ILxbNnU/maxresdefault.jpg,111494,1889.0,208.0,42:25,"('배블리[B.LOVELY MUKBANG]', '@b.lovelymukbang1267')",496000,일상/브이로그
[vlog]출산...맵다...(젤리 탄생🐤/제왕절개 아퍼../출산 준비/최후의 만찬/아산병원 모자동실),KNS148-BVtc,20250319,https://i.ytimg.com/vi/KNS148-BVtc/maxresdefault.jpg,300580,9872.0,872.0,28:47,"('김가을', '@김가을')",247000,일상/브이로그
무빙데이_복층 오피스텔 이사 브이로그_끝없는 언박싱과 정리_ 인테리어 소품 같이 언박싱해요-,x0wpBRvuyRI,20250312,https://i.ytimg.com/vi/x0wpBRvuyRI/maxresdefault.jpg,48491,1427.0,239.0,16:09,"('한그림 HANgrimm', '@hangrimm1')",59000,일상/브이로그
"스킵없이 담은.. 48시간 브이로그⚡️ㅣ주말🔋 그리고..월요일🪫 (인생올리브유, 빵순이투어, 보부상가방추천)",GryRPkd2U58,20250318,https://i.ytimg.com/vi/GryRPkd2U58/maxresdefault.jpg,109809,1388.0,377.0,16:49,"('규진', '@gyuuujin')",224000,일상/브이로그
호주 첫집 이사 브이로그🏠 | 역대급 반전 | 청소광 🧹🧼 이케아 쇼핑까지 하루만에 끝! 🛒,EtZbIg6TFIc,20250316,https://i.ytimg.com/vi/EtZbIg6TFIc/maxresdefault.jpg,148173,2544.0,100.0,11:26,"('유네린LIN', '@h.rin.y2')",321000,일상/브이로그
암환자 브이로그 | 연명치료는 안 하기로 결정.. 호스피스에 왔다 | 뼈전이 | 20대 암환자 | 4기 암환자 | 희귀암 | 투병 브이로그,MSFJhrQzPis,20250114,https://i.ytimg.com/vi/MSFJhrQzPis/maxresdefault.jpg,3307051,70226.0,17000.0,6:21,"('유병장수girl', '@youjjang_girl')",151000,일상/브이로그
[먹는 브이로그] 시간 없다면서 뭔가 굉장히 많이 먹고 온 한국에서의 먹방 브이로그,E-FHHWeYhAg,20241028,https://i.ytimg.com/vi/E-FHHWeYhAg/maxresdefault.jpg,653215,11498.0,443.0,17:28,"('해쭈 [HAEJOO]', '@HAEJOOOOO')",834000,일상/브이로그
세상에서 가장 무해한 브이로그,rFjRsWPGZxY,20240908,https://i.ytimg.com/vi/rFjRsWPGZxY/maxresdefault.jpg,1743254,40186.0,791.0,10:16,"('숲속의다람쥐', '@forestsquirrel')",33900,일상/브이로그
[VLOG] 다시 돌아온 발레 콩쿨 브이로그 ₊˚.💛 발레 브이로그 | 콩쿨 | 스와닐다 | 분량 요정 신은채,xxireexvy4Q,20240504,https://i.ytimg.com/vi/xxireexvy4Q/maxresdefault.jpg,277937,3761.0,178.0,6:36,"('주은 Jueun', '@jueunlee_11')",17900,일상/브이로그
만 24살 엄마의 28개월 아기 주말육아 VLOG,z5QmTds0xH8,20250325,https://i.ytimg.com/vi/z5QmTds0xH8/maxresdefault.jpg,118904,1675.0,136.0,10:52,"('산범 SANBUM', '@산범SANBUM')",530000,일상/브이로그
스토리 저격하고 손절한 친구 만나러 가는 브이로그,-N6v_Y8b1Ig,20250131,https://i.ytimg.com/vi/-N6v_Y8b1Ig/maxresdefault.jpg,518855,9404.0,607.0,12:54,"('wako', None)",181000,일상/브이로그
"CAMCORDOOR | 극 I 내향인의 외출 브이로그 | 리우 휴일 Vlog | 해산물과 가까워지기ㅣ빈티지, 안경 쇼핑&하울, 한강 야경 - BOYNEXTDOOR (보이넥스트도어)",l4yMWUiYG0I,20250313,https://i.ytimg.com/vi/l4yMWUiYG0I/maxresdefault.jpg,232867,19856.0,1300.0,35:49,"('BOYNEXTDOOR', '@boynextdoor_official')",1650000,일상/브이로그
전원주택에서 삼시세끼 집밥 차려먹는 브이로그,UiWZQ1En9GI,20250320,https://i.ytimg.com/vi/UiWZQ1En9GI/maxresdefault.jpg,173929,2804.0,99.0,21:57,"('입짧은 미경씨', '@human_mikyung')",22900,일상/브이로그
100만원으로 보홀여행 가는 브이로그,6OGY6C_nE-0,20250301,https://i.ytimg.com/vi/6OGY6C_nE-0/maxresdefault.jpg,261237,4808.0,542.0,20:48,"('아가리어터', '@0r7r2l')",425000,일상/브이로그
"(ENG) 단체주문에 그랜절 하는 부산 디저트 카페 브이로그 🙇🏻‍♀️🌸 | 휘낭시에 단체주문, 10만원짜리 배달,느좋 1박2일전주여행.",E641D0Fnszw,20250323,https://i.ytimg.com/vi/E641D0Fnszw/maxresdefault.jpg,9327,,16.0,25:57,"('효녀HYONYEO', '@hyonyeo')",148000,일상/브이로그
[FIM-LOG] 사쿠라 브이로그 #7 l 한땀 한땀 직접 그리고 만들고 찍고🧶 l 1년 간의 꾸로셰 제작 기록📹,CYfGDngMnXw,20250110,https://i.ytimg.com/vi/CYfGDngMnXw/maxresdefault.jpg,458836,30203.0,1100.0,28:13,"('LE SSERAFIM', '@LESSERAFIM_official')",5890000,일상/브이로그
그림을 너무 좋아하는 뚜지.. 우리 집 고양이를 그렸는데 너무 잘 그렸어요! 독학 중 인데 전문적으로 가르쳐야 할까요? 주말 가족일상 브이로그 | 뚜아뚜지TV,p9UkyHIZhOQ,20250314,https://i.ytimg.com/vi/p9UkyHIZhOQ/maxresdefault.jpg,170179,2286.0,667.0,13:05,"('뚜아뚜지TV', '@뚜아뚜지TV')",1500000,일상/브이로그
재수생 일요일 브이로그,hn82HszL0mk,20250323,https://i.ytimg.com/vi/hn82HszL0mk/maxresdefault.jpg,22412,,36.0,1:53,"('whw됨이', '@whwehladl')",15100,일상/브이로그
"출산특집#6 먹어야 회복하지!! 자연분만 산모 회복 브이로그, 출산 직후 뭘 먹나? 정말 하루 종일 밤새도록 먹었다.",YUDvyE7VWf0,20240812,https://i.ytimg.com/vi/YUDvyE7VWf0/maxresdefault.jpg,497538,9534.0,483.0,15:19,"('yoovlog', '@yoovlog')",467000,일상/브이로그
𝗡𝗖𝗧 𝗪𝗜𝗦𝗛 𝗟𝗢𝗚 𝗶𝗻 𝗦𝗘𝗢𝗨𝗟🎮 무료 비욘라를 낉여오다..✩‧₊˚ 시즈니 브이로그 | 로그인 서울 첫콘 | 콘서트 짐싸기 | 핸드볼 시야,2A9fuIlhgLE,20250322,https://i.ytimg.com/vi/2A9fuIlhgLE/maxresdefault.jpg,6693,361.0,24.0,1:14:25,"('EUNEKO', '@eunegomi')",443,일상/브이로그
"일본 고등학교 첫 등교🏫 | 본가 방문 브이로그 | 이로하 방 최초 공개 | 편의점 간식 추천 | 오코노미야키, 함박 스테이크, 당고 | ILLIT (아일릿) [LOG-IT]",qde70FF1z7A,20240723,https://i.ytimg.com/vi/qde70FF1z7A/maxresdefault.jpg,1235513,41172.0,1800.0,11:50,"('ILLIT', '@ILLIT_official')",2230000,일상/브이로그
항저우 브이로그 104ㅣ한중커플ㅣ여단오 헤어짐? (웅성웅성👥)ㅣ늦은 새해파티&근황토크🌻ㅣ술마시며 푸는 역대급 싸움썰ㅎ🔥ㅣ여루의 중티 쇼핑 n탄,-Vt06JqmT9U,20240222,https://i.ytimg.com/vi/-Vt06JqmT9U/maxresdefault.jpg,553730,7769.0,772.0,27:20,"('여단오_yeodano', '@yeodano')",267000,일상/브이로그
"미국 브이로그 🇺🇸 중대 결정 ‼️ 도와주세요 여러분 l 의견 주시는 모든 분들 행복할거에요 🙏 순두부찌개, 갈비살 시래기된장국, 닭볶음탕, 건강한 아침 l 미국일상",Gscz03sp0QA,20250319,https://i.ytimg.com/vi/Gscz03sp0QA/maxresdefault.jpg,80815,2939.0,1000.0,14:44,"('미국새댁 우하루 Wooharu', '@Wooharu')",66700,일상/브이로그
[VLOG] Mar.4thㅣ직장인브이로그ㅣ직장인보부상백추천💼+아워레가시벨트..🩶ㅣ아틀리에나인ㅣ바이무드ㅣ마조네ㅣ나이키샥스R4ㅣ출근룩ㅣ데일리룩ㅣootdㅣ일상브이로그ㅣ봄코디ㅣ레이어드룩,Kk8_kyMC1BE,20250323,https://i.ytimg.com/vi/Kk8_kyMC1BE/maxresdefault.jpg,16456,,96.0,24:19,"('차지혜 CHACHA', '@chajeehye')",115000,일상/브이로그
"[kor/eng] Harvard vlog 하버드 브이로그: 주중엔 공부, 주말엔 산 여행 - a week in my life",SoXXqvmQDb8,20241031,https://i.ytimg.com/vi/SoXXqvmQDb8/maxresdefault.jpg,422691,12547.0,404.0,13:08,"('Suah수아', '@suah315')",180000,일상/브이로그
"[꿀대구편] 새로운 맛 가득💝 먹방브이로그 (마라탕, 닭목살 파스타, 국물떡볶이, 잡채김밥, 갈치해장국, 쌀국수, 궁중떡볶이, 떡갈버거, 시금치 파스타) MUKBANG VLOG",HVs9kbtNBCg,20250320,https://i.ytimg.com/vi/HVs9kbtNBCg/maxresdefault.jpg,151953,1906.0,146.0,38:09,"(""UNIII's meal"", '@uniii_90')",257000,일상/브이로그
조리원 퇴소 후 실전 육아브이로그 | 신생아와 집에서 산후도우미 없는 첫날 💦  3일동안 우리끼리 애보는 일상 • 첫 손주 보러 온 부모님! 20일차 아기의 하루 👼🏻,AtHTjdMUXc8,20240503,https://i.ytimg.com/vi/AtHTjdMUXc8/maxresdefault.jpg,212617,783.0,111.0,15:50,"('호온 A piece of life', '@Hon__')",6510,일상/브이로그
🍫밸런타인데이!! 🫨혼돈의 첫 팝업브이로그! 두둥!🫨 마카롱 포장하는 알바생의 일상 브이로그❣️/ 바빴던 일주일간의 기록,sBixH7gejU4,20250317,https://i.ytimg.com/vi/sBixH7gejU4/maxresdefault.jpg,10215,212.0,21.0,26:29,"('applepeach 사과복숭아', '@Leeroll')",37200,일상/브이로그
"먹방브이로그 | 3일 동안+3kg🥵하루에 1kg씩? 개웃기네(안 웃김☠️)(메론빵 스프레드, 두바이 초콜릿, 한식 먹방, 잡채, 고로케, 빵먹방, 디저트먹방, 일상 브이로그)",r7GVUc0rFE4,20250323,https://i.ytimg.com/vi/r7GVUc0rFE4/maxresdefault.jpg,16050,290.0,65.0,44:17,"('임나', '@임나LIMNA')",25900,일상/브이로그
"책과 술, 사랑이 머무는 곳(paju vlog)",3_Vcv3GkEvk,20250314,https://i.ytimg.com/vi/3_Vcv3GkEvk/maxresdefault.jpg,128665,3265.0,319.0,45:27,"('터틀이주미', '@turtle_jumi')",258000,일상/브이로그
다시 전교 1등 도전하는 브이로그 [고2 이과],vGf6toExRnc,20211228,https://i.ytimg.com/vi/vGf6toExRnc/maxresdefault.jpg,4273564,62041.0,2100.0,13:15,"('공부 하나도 안 했어', '@study_hanado')",57000,일상/브이로그
호주 유학 집 구하기 | 도착 6시간만에 계약 완료! | 유학생 브이로그🇦🇺,kyRhp1O6wvM,20250309,https://i.ytimg.com/vi/kyRhp1O6wvM/maxresdefault.jpg,168338,2630.0,142.0,13:07,"('유네린LIN', '@h.rin.y2')",321000,일상/브이로그
"vlog 어린이집첫등원 대오열😂어린이집준비물! 잔치국수,등촌샤브샤브,안방꾸미기",QBV-0UBiUG4,20250316,https://i.ytimg.com/vi/QBV-0UBiUG4/maxresdefault.jpg,243142,4468.0,383.0,29:19,"('트위티 (Tweety)', '@tweety5269')",761000,일상/브이로그
[탈덕브이로그] 또 배신당했습니다..왜 그랬니? | 포카 처형식 | 포카 자르기 | 시즈니 브이로그 | NCT 127 | 문태일,u4YnPnb0w64,20240829,https://i.ytimg.com/vi/u4YnPnb0w64/maxresdefault.jpg,621671,6691.0,393.0,3:53,"('현지hyunji', '@hyunji3768')",805,일상/브이로그
입원vlog | 저승사자랑 하이파이브 하고 병원행 🏥,OebSrD95c_s,20250323,https://i.ytimg.com/vi/OebSrD95c_s/maxresdefault.jpg,35992,443.0,155.0,11:43,"('지수로그 [jisulog]', '@JISULOG_seol')",3600,일상/브이로그
[&DAY OFF] 니콜라스 브이로그 | 니코 in 필리핀 | 바다 친구들 만나기 성공!🐠 | 스노클링🥽 수영🏊‍♂️ 마음껏 즐긴 물속성 고양이😼 | &TEAM,ihkJ5LxuLag,20250218,https://i.ytimg.com/vi/ihkJ5LxuLag/maxresdefault.jpg,242021,25001.0,1600.0,13:59,"('&TEAM', '@andTEAM_official')",1090000,일상/브이로그
생리때문에 남친이랑 울고불고 싸우고.. 폭식하다가.. 롯데월드가는 브이로그🩸🩸,wUpqphNNVtM,20250313,https://i.ytimg.com/vi/wUpqphNNVtM/maxresdefault.jpg,129396,2251.0,611.0,37:37,"('희재 HEEJAE', '@heejaebaby')",293000,일상/브이로그
(cc) 𝐕𝐋𝐎𝐆| 뉴욕 직장인 떨리는 첫 출근 💼❗️자유의 여신상 뷰 아파트 채워나가기,ZdmYBfW_5W8,20250316,https://i.ytimg.com/vi/ZdmYBfW_5W8/maxresdefault.jpg,56541,1339.0,137.0,22:42,"('고나윤 Nayun Ko', '@gonayun')",116000,일상/브이로그
데이트하다 지하철에서 생긴 일 (Eng),w4ZKVsN_Xto,20250315,https://i.ytimg.com/vi/w4ZKVsN_Xto/maxresdefault.jpg,148786,5188.0,218.0,6:51,"('후화후화 huhwa', '@Huhwahuhwa')",61000,일상/브이로그
VLOG. 영포자 오픽학원 등록하다 | 연습생마냥 드럼 연습실 매일 출석 | 1일 1 냉동볶음밥 | 릴스 다시 시작..~ | 휴학생 일상 브이로그,7FKmJ5BB0R0,20250319,https://i.ytimg.com/vi/7FKmJ5BB0R0/maxresdefault.jpg,40917,731.0,80.0,26:35,"('개횬 gaehyon', '@_gaehyun')",86200,일상/브이로그
"300명 앞에서 1인 공연을 한 이유는? 유니 30주년 아빠, 엄마가 다니셨던 회사에서 공연해보기 !! 에스파 위플래시 베이비몬스터 드립 가족 일상 브이로그 별난가족",1lJleWja9cY,20241228,https://i.ytimg.com/vi/1lJleWja9cY/maxresdefault.jpg,403543,2820.0,256.0,10:42,"('별난 가족 byulnan family', '@별난가족')",265000,일상/브이로그
술 .. 사랑 .. 도파민 .. 여자들의 도쿄 브이로그,7DW66YZuyGM,20250307,https://i.ytimg.com/vi/7DW66YZuyGM/maxresdefault.jpg,110774,2262.0,130.0,25:13,"('AllZero다영', '@all_zero._.k')",183000,일상/브이로그
먹방브이로그) 하루6끼에 새벽에3000칼로리 먹고 정신나간🥴일상ㅋ (뿌링클/소금빵+아이스크림/디저트먹방/비빔냉면+만두/기영이숯불치킨/비빔면+삼겹살/수건케이크/폭식브이로그,b5YSOZ9cKqI,20250317,https://i.ytimg.com/vi/b5YSOZ9cKqI/maxresdefault.jpg,378022,4083.0,282.0,34:13,"('가오니의 메뉴판GAONI', '@gaoni6979')",432000,일상/브이로그
한예종 새내기의 개강 1주차 브이로그,tNC15W3rkfs,20250319,https://i.ytimg.com/vi/tNC15W3rkfs/maxresdefault.jpg,52383,1587.0,358.0,15:16,"('릴서 Rilseo', '@rilseo')",90000,일상/브이로그
나 혼자 묵호 당일치기 여행🦑혼자 여행 성지! 이대로 가십쇼쇼 •오션뷰 기차+생선구이+흑임자커피+문어탕수육 | 하루종일 쏘다니는 브이로그,l7EW_DdQF1U,20250311,https://i.ytimg.com/vi/l7EW_DdQF1U/maxresdefault.jpg,175214,2985.0,150.0,18:00,"('sookoh 수코', '@Sookohaseyo')",85400,일상/브이로그
원희의 한림예고 편입 일기🏫 | 전학 첫날 카레에 옷 담근 사연 | 교복 & 체육복 피팅 브이로그 | NEW 지갑 공개 | ILLIT (아일릿) [LOG-IT],niJfy-NvGj0,20241212,https://i.ytimg.com/vi/niJfy-NvGj0/maxresdefault.jpg,333559,16128.0,738.0,5:59,"('ILLIT', '@ILLIT_official')",2230000,일상/브이로그
항저우 브이로그 122ㅣ한중커플ㅣ쉽지않은 중남과의 chill 데이트+GRWM 🎀ㅣ요즘 핫플 3군데 뿌시기🔥ㅣ한겨울의 시후 풍경❄️ㅣ달리는 노래방🚙ㅣ한달 앓던 베이글 못먹은 이야기ㅠ,L0oI37sg9oQ,20250209,https://i.ytimg.com/vi/L0oI37sg9oQ/maxresdefault.jpg,325735,7052.0,681.0,16:01,"('여단오_yeodano', '@yeodano')",267000,일상/브이로그
"급찐❌ 겨울내내찐🙆🏻‍♀️.. 사람의 다이어트 브이로그💦ㅣ냉동식품 추천템, 식단맛집, 여성의날, 메타그린마켓",yOChW3rUjPs,20250313,https://i.ytimg.com/vi/yOChW3rUjPs/maxresdefault.jpg,106031,1331.0,184.0,32:57,"('규진', '@gyuuujin')",224000,일상/브이로그
도쿄 여행 브이로그🇯🇵 | 여자 셋이서 3박 4일 식비만 300만 원 쓰고 맛집 제대로 부수고 옴 | 📍구글맵 공유 | 신주쿠•시부야•긴자•롯폰기 | 인생 맛집•카페•호텔 추천🤍,YDXP-yvXROg,20250318,https://i.ytimg.com/vi/YDXP-yvXROg/maxresdefault.jpg,30645,528.0,53.0,26:28,"('둥이탱', '@doongtang')",775,일상/브이로그
"[vlog] 도쿄여행 브이로그🗼’또갈집’ ‘또간집’으로 모십니다 | 4박5일 일정과 경비 공유📝 츠케멘 로컬 맛집, 카이센동, 당고맛집, 메론소금빵, 롯폰기 대욕장 숙소",oEpNUGM2nwY,20250304,https://i.ytimg.com/vi/oEpNUGM2nwY/maxresdefault.jpg,62480,1375.0,130.0,30:07,"('Daily Joy조이', '@_joysop')",129000,일상/브이로그
"도쿄 브이로그 | 느좋 편집샵, 카페✔️ | 프토 만들기 | 아이허브 구매템 | 집순이와 밖순이를 오가는 일상",4Nd6UiIk3Uk,20250316,https://i.ytimg.com/vi/4Nd6UiIk3Uk/maxresdefault.jpg,56839,,65.0,36:01,"('키령kiryeong', '@kiryeong')",250000,일상/브이로그
[먹는브이로그] 평소엔 chill 한데 먹을땐 열정가득 먹방 브이로그,gE9i5M7--nw,20250130,https://i.ytimg.com/vi/gE9i5M7--nw/maxresdefault.jpg,717481,11076.0,551.0,27:53,"('해쭈 [HAEJOO]', '@HAEJOOOOO')",834000,일상/브이로그
김유정의 V-log😎 근데 셀프 편집의 고통을 곁들인...,WITaS29Mi3U,20241101,https://i.ytimg.com/vi/WITaS29Mi3U/maxresdefault.jpg,1316548,35920.0,1400.0,33:24,"('어썸이엔티', '@awesomeent')",59900,일상/브이로그
"절약하고 싶은 주부 브이로그 | 돼지불고기, 고추장 소시지 볶음밥, 소시지 케찹 볶음밥, 만두전골, 치킨텐더 샐러드, 불고기 샐러드, 오리로스구이, 토마토 달걀 부추볶음, 양배추찜",aFejeA2EHGA,20250317,https://i.ytimg.com/vi/aFejeA2EHGA/maxresdefault.jpg,2631,53.0,10.0,14:17,"('만두 mandu', '@mandu7290')",1910,일상/브이로그
[vlog] 직장인 일상 브이로그ㅣ그냥 출퇴근하는 영상..ㅣ저 수술 했어요,oFcI60TOkrc,20250323,https://i.ytimg.com/vi/oFcI60TOkrc/maxresdefault.jpg,6479,238.0,58.0,8:36,"('그 해 현진은', '@guszls')",10900,일상/브이로그
23살에 7억 모은 썰,4Moma3pMakg,20250219,https://i.ytimg.com/vi/4Moma3pMakg/maxresdefault.jpg,523547,8194.0,646.0,11:59,"('예보링 ', '@yeboring')",341000,일상/브이로그
항저우 브이로그 125ㅣ마당 있는 집을 사요(?)🏡 l 중국 부동산 투어ㅣ테라스 재단장🌱ㅣ살 빠진 아기돼지ㅣ연애테스트 하다 긁힌 여루ㅋㅋㅣ여성의 날🌹(ft.썩은순편지),toy7yO2q70Q,20250312,https://i.ytimg.com/vi/toy7yO2q70Q/maxresdefault.jpg,398784,9787.0,973.0,28:26,"('여단오_yeodano', '@yeodano')",267000,일상/브이로그
"일상 브이로그 | 하고싶은 거 다 하고 사는 중학생 브이로그 (with 반신욕, 이케아 ••)",qaXi1jGU0HQ,20210516,https://i.ytimg.com/vi/qaXi1jGU0HQ/maxresdefault.jpg,158144,2084.0,225.0,10:19,"('굥나', '@iammmhannah')",51700,일상/브이로그
001_우당탕탕 현생 브이로그✌ • 11년생 • 학교 • 브이로그,mfUIYlUmfb0,20250319,https://i.ytimg.com/vi/mfUIYlUmfb0/maxresdefault.jpg,50384,2940.0,521.0,3:21,"('콩녕', '@이츠콩녕')",54600,일상/브이로그
[Study Vlog] 학습부장이라고 공부를 열심히 하는 건 아니고요 ㅎㅎ 😋 | 고3 | 공부 브이로그 | ASMR | 07년생 | 고등학교 | 테디 블레이크 | 일반고 1점대,LIWrEjmkpAo,20250323,https://i.ytimg.com/vi/LIWrEjmkpAo/maxresdefault.jpg,15037,367.0,81.0,7:41,"('채앗', '@Chae_Ag')",11100,일상/브이로그
[Vlog] 엔하이픈의 북미 투어 브이로그 #1 - ENHYPEN (엔하이픈),wZTE3UaB0m8,20240407,https://i.ytimg.com/vi/wZTE3UaB0m8/maxresdefault.jpg,855907,84919.0,2500.0,14:00,"('ENHYPEN', '@ENHYPENOFFICIAL')",11500000,일상/브이로그
VLOG 07년생 여고 수련회 브이로그 #1,1qIS2BjVmk4,20230410,https://i.ytimg.com/vi/1qIS2BjVmk4/maxresdefault.jpg,683558,6080.0,416.0,8:59,"('소정', '@x__4.17')",6480,일상/브이로그
일상브이로그 * 남자친구 옷입히기 * 룩일기 커플버전 * 유플렉스 쇼핑 * 힌스 팝업 * 폴라로이드 사진으로 다이어리 꾸미기 @..@ * 성인들의 피자파티,mKw1FzbnOhQ,20250313,https://i.ytimg.com/vi/mKw1FzbnOhQ/maxresdefault.jpg,53332,1036.0,171.0,16:22,"('소올soal', '@i0cc0i')",184000,일상/브이로그
전문직 시험 준비하는 8년차 공무원의 하루 브이로그,KLl2qM1vREM,20250312,https://i.ytimg.com/vi/KLl2qM1vREM/maxresdefault.jpg,90337,2004.0,167.0,5:39,"('홍당근', '@hongdangS2')",9140,일상/브이로그
항저우 브이로그 121ㅣ한중커플ㅣ🇨🇳 노빠꾸 중남을 사귀면 생기는 일ㅣ식당에서 싸운 여루🔥ㅣ설날음식 장보기ㅣ엄마랑 통화하기💖ㅣ아기돼지 쫄보 모만트ㅣ염색 실패ㅣ다이어리 꾸미기🎀,ze-8nqFAohE,20250127,https://i.ytimg.com/vi/ze-8nqFAohE/maxresdefault.jpg,714536,12822.0,1400.0,24:38,"('여단오_yeodano', '@yeodano')",267000,일상/브이로그
먹방VLOG)전국 맛지도🗺️1탄 [전주] 마늘닭볶음탕+인생 전💕길거리야 바게트버거 왱이콩나물국밥 동원순대국 양념족발 김치찌개 현지인추천 빵집투어🥖오프더비디오 토크👀MUKBANG,do56r7R7ru8,20250326,https://i.ytimg.com/vi/do56r7R7ru8/maxresdefault.jpg,133262,1874.0,159.0,46:20,"('여수언니 정혜영 [Yeosu Unnie]', '@YeosuUnnie')",627000,일상/브이로그
[VLOG] 태(하)(예)린 남매 일상 브이로그 혼저옵서예~ 🍊[EN/JP],oRtHTpcA29w,20250313,https://i.ytimg.com/vi/oRtHTpcA29w/maxresdefault.jpg,393947,8335.0,607.0,25:28,"('태요미네', '@taeyomine')",912000,일상/브이로그
"[일상vlog] 캐나다&미국 어학연수 준비, 승헌준빵소정, 맥북 언박싱, 영어학원, 싱글즈 인터뷰, 짐싸기 등등...",0N-TfqPA5JM,20241005,https://i.ytimg.com/vi/0N-TfqPA5JM/maxresdefault.jpg,821392,13382.0,1000.0,29:51,"('찰스엔터', '@CharlesEnter')",708000,일상/브이로그
"[SUB] 지우의 LA 브이로그🌴 엘에이 포토스팟📸, 더 게티, UCLA, 그레이스톤 맨션 😎🤳🏻 (ENG/JPN)",UaoVz73xYBw,20250309,https://i.ytimg.com/vi/UaoVz73xYBw/maxresdefault.jpg,102218,5877.0,356.0,29:36,"('미지우 MEJIWOO', '@mejiwoo103')",2400000,일상/브이로그
"[먹방 브이로그#113] 미국 가기 전에 짐싸고..먹고..짐싸고..또 먹는 영상..😋 최후의 만찬이 뭐가 이렇게 길어요🤷🏻‍♀️ 넛지 도넛,불닭+타코야끼,두찜 묵은지 찜닭,요아정",C8BIfQ2WqpQ,20250319,https://i.ytimg.com/vi/C8BIfQ2WqpQ/maxresdefault.jpg,384122,3944.0,234.0,18:36,"('살빼조DietJo', '@dietjo311')",467000,일상/브이로그
vlog. 나 개학해따 | 07년생 학교 브이로그,K3pis0FpaJ0,20230813,https://i.ytimg.com/vi/K3pis0FpaJ0/maxresdefault.jpg,424119,6287.0,138.0,8:18,"('선 빈', '@sunbhin')",131000,일상/브이로그
[vlog] 캐나다 어학연수 브이로그 (feat.외국남자 3명과 동거),JO1USEQP-oE,20241024,https://i.ytimg.com/vi/JO1USEQP-oE/maxresdefault.jpg,989620,19111.0,2100.0,52:00,"('찰스엔터', '@CharlesEnter')",708000,일상/브이로그
아오니의 혼자 새 닌텐도 사러가는 브이로그★ (feat.세번째섬),o-aZhMBQkTk,20240120,https://i.ytimg.com/vi/o-aZhMBQkTk/maxresdefault.jpg,1310866,21115.0,2100.0,11:28,"('아오니 AONI', '@아오니')",568000,일상/브이로그
[박수홍 행복해다홍] 재이 4개월 예방접종 | 육아브이로그 | 육묘브이로그 |,h3OP_YklE-g,20250221,https://i.ytimg.com/vi/h3OP_YklE-g/maxresdefault.jpg,406483,11261.0,640.0,8:47,"('박수홍 행복해다홍', '@blackcatdahong1027')",550000,일상/브이로그
나홀로 런던가서 하고싶은거 완벽하게 즐기는 브이로그 🇬🇧🎸💌 (제대로 된 꿀팁 알려드림),b5ZXmWSFMOg,20250302,https://i.ytimg.com/vi/b5ZXmWSFMOg/maxresdefault.jpg,48716,1163.0,109.0,26:48,"('강햄콩', '@kanghamkong')",1710,일상/브이로그
[장기연애] 둘이 눈물 쏟으며 오열한 날 💦 l 요미가 들려주는 부모님 썰 (가정교육의 중요성) l 결국 시술에 손을 댐 🚨 l 일상 브이로그,Ks91-85I4Hg,20250316,https://i.ytimg.com/vi/Ks91-85I4Hg/maxresdefault.jpg,90692,1815.0,218.0,13:43,"('아요커플', '@아요커플')",432000,일상/브이로그
[vlog] 내신1점대 고3의 평일 24시간 브이로그 •여고 •07 •공부,fWYLgbyYDMg,20250325,https://i.ytimg.com/vi/fWYLgbyYDMg/maxresdefault.jpg,25894,410.0,20.0,8:23,"('채현이챈', '@채현이챈')",1040,일상/브이로그
대학 떨어진 나의 근황,4QsxbK8hY04,20250314,https://i.ytimg.com/vi/4QsxbK8hY04/maxresdefault.jpg,286546,4959.0,347.0,24:01,"('wako', None)",181000,일상/브이로그
초보 필라테스 강사의 현실 주말 브이로그..,R3LM5MJtz_k,20250202,https://i.ytimg.com/vi/R3LM5MJtz_k/maxresdefault.jpg,71229,811.0,65.0,6:05,"('다이어트걸', '@dietgirl')",277000,일상/브이로그
"호주 도착 첫주 브이로그 | 첫 캠퍼스 투어, 학생증, 운전면허 | 어떻게든 굴러가.. 우당탕 유학생🇦🇺",kKQvUi16sZM,20250312,https://i.ytimg.com/vi/kKQvUi16sZM/maxresdefault.jpg,142434,2298.0,133.0,13:49,"('유네린LIN', '@h.rin.y2')",321000,일상/브이로그
스위스 브이로그 ❄️🇨🇭,umsA_W3nTWc,20250318,https://i.ytimg.com/vi/umsA_W3nTWc/maxresdefault.jpg,294564,10012.0,508.0,18:53,"('Chanyoung Park', '@cksdud503')",73400,일상/브이로그
"사기꾼 잡기 브이로그 EP2. 친구의 친한언니편(2,000만원)",-Ih26gq0cxw,20250105,https://i.ytimg.com/vi/-Ih26gq0cxw/maxresdefault.jpg,279809,2450.0,350.0,7:49,"('진두부', '@dubu2002')",238000,일상/브이로그
입사보다 퇴사가 힘든.. 돈을 왕창 내야지만 나갈 수 있는.. 사우디 승무원 퇴사 Vlog🇸🇦👋🏻/승무원 브이로그/외항사 승무원 브이로그/승무원 퇴사/퇴사 브이로그/승무원 퇴사 후,dcYcAlfEp6I,20250316,https://i.ytimg.com/vi/dcYcAlfEp6I/maxresdefault.jpg,27727,398.0,50.0,23:02,"('Nana is Rosa 나나는 로사', '@nanaisrosa')",4870,일상/브이로그
"VLOG • 그래요 나 연애해요,, 예뻐야 하는 날 야무지게 준비하고🧖🏻‍♀️ 남친보이랑 첫 한남동 데이트💗",qiuSUSiyGkI,20250310,https://i.ytimg.com/vi/qiuSUSiyGkI/maxresdefault.jpg,108804,1290.0,160.0,18:59,"('현주zutube', '@hyunzutube')",135000,일상/브이로그
7일만에 4키로 감량 다이어트브이로그,wcQ9B8kduFI,20250303,https://i.ytimg.com/vi/wcQ9B8kduFI/maxresdefault.jpg,69435,2237.0,99.0,15:25,"('nova', '@nova_486')",6460,일상/브이로그
VLOG. 그래도 해야지 어떡해 .. 4-1 중간고사 시험기간 브이로그 ✎ | 전자기학 만점받다 | 새로운 스카 찾음 | 23살에 허리 디스크라뇨,NpM0WoCn7Ug,20241107,https://i.ytimg.com/vi/NpM0WoCn7Ug/maxresdefault.jpg,204907,4462.0,183.0,39:10,"('개횬 gaehyon', '@_gaehyun')",86200,일상/브이로그
8년차 공무원➡️법무사 이직합니다! 의원면직 브이로그,jn3LF0pwjrA,20250306,https://i.ytimg.com/vi/jn3LF0pwjrA/maxresdefault.jpg,254356,2537.0,452.0,11:01,"('홍당근', '@hongdangS2')",9140,일상/브이로그
[SUB] 초초초보유튜버 이시안의 첫 브이로그💗.mov,nnTrdFokCKk,20250302,https://i.ytimg.com/vi/nnTrdFokCKk/maxresdefault.jpg,866700,20968.0,1500.0,17:30,"('최종시안', '@SIAN_youseeany')",156000,일상/브이로그
vlog. 반배정 나오는 날! 🏫 | 07년생 브이로그,fNfiygjNMls,20250316,https://i.ytimg.com/vi/fNfiygjNMls/maxresdefault.jpg,111125,2382.0,168.0,12:41,"('선 빈', '@sunbhin')",131000,일상/브이로그
vlog | 알찬 브이로그 맛집 | 첫 시술! + n번째 시술.. | 훠궈 쿨타임 | 묵은지 닭볶음탕 | 열무 비빔국수 | 냉털 | 포테이토 피자 | 만두에 미친사람 | 신혼부부,h4WN8yppNzc,20250312,https://i.ytimg.com/vi/h4WN8yppNzc/maxresdefault.jpg,80086,1026.0,149.0,34:13,"('에그민EGGMIN', '@eggmin_')",107000,일상/브이로그
이사 브이로그,d3Vp5qdaJbQ,20250319,https://i.ytimg.com/vi/d3Vp5qdaJbQ/maxresdefault.jpg,10959,541.0,46.0,8:52,"('K o i 코이', '@Dozo_yorosiku')",26100,일상/브이로그
바라던대로 살고 있는가(24hour vlog),vsQhWkVyv_w,20250110,https://i.ytimg.com/vi/vsQhWkVyv_w/maxresdefault.jpg,401833,6858.0,389.0,26:40,"('터틀이주미', '@turtle_jumi')",258000,일상/브이로그
야식 먹고 도파민 풀충전 🔥 먹방 브이로그 | 통목살김치찜 미나리삼겹살 네네치킨 스노윙치킨 족발 해장라면 집밥 계란말이 두부조림 | 홈플러스 장보기 Mukbang VLOG,cC9qOsYtnes,20250319,https://i.ytimg.com/vi/cC9qOsYtnes/maxresdefault.jpg,71279,1436.0,151.0,30:43,"('patato sisters', '@Gamja')",123000,일상/브이로그
"새벽 4시부터 시작된 도쿄 출장 브이로그⏰ 완벽했던 출장 메이크업💄ㅣ웨이팅 맛집, 달바 팝업, 비행기에서 만난 프링이💕",PGqDtC766m8,20250308,https://i.ytimg.com/vi/PGqDtC766m8/maxresdefault.jpg,186930,3874.0,204.0,9:32,"('THE FREEZIA', '@TheFreezia')",640000,일상/브이로그
[VLOG] 일상 브이로그 | 대구찍고 울산 나들이 | 봄 블러셔 + 향수 추천 | 느좋..분위기 있는 사람 되는 꿀팁 | 감다살 제주 빈티지샵  | 월 120km 뛰기 도전,KzF_V8qS1rA,20250228,https://i.ytimg.com/vi/KzF_V8qS1rA/maxresdefault.jpg,83642,936.0,164.0,38:29,"('하누', '@ourdays')",244000,일상/브이로그
VLOG 고3 겨울방학 초초초밀착 공부 브이로그..💬 매일 12시간 공부하기 • 9 to 11 윈터스쿨 하루루틴 productive student vlog,xpxMzz5VvGw,20250302,https://i.ytimg.com/vi/xpxMzz5VvGw/maxresdefault.jpg,62567,1567.0,177.0,14:09,"('굥나', '@iammmhannah')",51700,일상/브이로그
55kg➡️39kg 살빼기위해 가장먼저 해야하는 6가지 • 다이어트 처음 시작하는 사람만 보세요🔥,Zu7aM9mpGfo,20250206,https://i.ytimg.com/vi/Zu7aM9mpGfo/maxresdefault.jpg,367727,7590.0,143.0,13:14,"('hyerini', '@hxe_rini')",46400,일상/브이로그
간호사 역태움..?기빨린다🤯그래도 내 인생은 즐거워..!!!!💝,XpzwWzh5DwM,20250317,https://i.ytimg.com/vi/XpzwWzh5DwM/maxresdefault.jpg,29075,334.0,72.0,14:05,"('리쏘TV', '@TV-mt8kc')",19000,일상/브이로그
104kg 고도비만의 갓생일지,yNjECUH1UQk,20250214,https://i.ytimg.com/vi/yNjECUH1UQk/maxresdefault.jpg,134609,1462.0,358.0,22:18,"('지방쿸', '@지방쿸-h9p')",28200,일상/브이로그
반배정 성공한 흔한 여고생의 새학기 vlog ✮⋆˙,_weBf9KICvk,20250320,https://i.ytimg.com/vi/_weBf9KICvk/maxresdefault.jpg,58166,,73.0,13:53,"('예람 YERAMIU', '@yeramiu')",22300,일상/브이로그
먹방브이로그:) 밥 차리다 하루 다 가는 아이 셋 다둥이 엄마의 일상 먹방 VLOG | 안심돈까스 새우튀김 나진국밥 보쌈 먹방 MUKBNAG,tDvm5nrpu-g,20250321,https://i.ytimg.com/vi/tDvm5nrpu-g/maxresdefault.jpg,5693,177.0,17.0,16:33,"('순천댁', '@sunchoendak')",5910,일상/브이로그
VLOG 이 사랑은 대체 어떤 사랑일까,DCS6P5m3v4k,20250222,https://i.ytimg.com/vi/DCS6P5m3v4k/maxresdefault.jpg,284548,4545.0,304.0,25:53,"('곰민영', '@gominyoungg')",254000,일상/브이로그
VLOG🎀 핑크핑크 원영이즘 브이로그⸝⁺⊹,vzRcbR6WvdQ,20250316,https://i.ytimg.com/vi/vzRcbR6WvdQ/maxresdefault.jpg,37203,869.0,160.0,18:36,"('로즈하 ROSEHA', '@ROSEHA93')",612000,일상/브이로그
호텔예약을 바로 전날에??😂🚙 대전 여행 브이로그! 계획이 너무 철저하잖아 | 🍞빵으로 위장 꽉 채우고 옴(feat.짬뽕 한방울),mJTZ4YwF_hc,20250314,https://i.ytimg.com/vi/mJTZ4YwF_hc/maxresdefault.jpg,143193,2371.0,116.0,29:08,"('나도나도DoDo', '@nadonado1123')",486000,일상/브이로그
"여행 직전 이별, 혼자 런던 여행 출국 브이로그",2_-1LEZPfrY,20250206,https://i.ytimg.com/vi/2_-1LEZPfrY/maxresdefault.jpg,595076,4719.0,596.0,12:27,"('신나일', '@shinnnnna1')",4200,일상/브이로그
[SUB] LA 가즈아! 낭만(?) 가득한 브이로그🇺🇸.mov,NwQM32qTnNc,20250307,https://i.ytimg.com/vi/NwQM32qTnNc/maxresdefault.jpg,443095,9833.0,1100.0,25:39,"('최종시안', '@SIAN_youseeany')",156000,일상/브이로그
부산 vlog / 넘치는 건 식욕뿐이라 떠난 부산여행 / 맛집만 야무지게 뿌시는 먹부림 여행,us85YTsz5hw,20250316,https://i.ytimg.com/vi/us85YTsz5hw/maxresdefault.jpg,160579,3093.0,218.0,17:03,"('hongsi 홍시', '@hongsi_v')",584000,일상/브이로그
중안부 집착녀 등장.. 흉터 없는 인중축소 성형로그🫢👄 근데 이제 부기가 엄청난•• 0.6cm 줄이고 입꼬리까지! 당일부터 1주차까지🗓️,PO0Pi7-AO3g,20241221,https://i.ytimg.com/vi/PO0Pi7-AO3g/maxresdefault.jpg,613559,4329.0,549.0,14:15,"('유정 YUJEONG', '@YUJEONG')",438000,일상/브이로그
고등학교 3년동안 좋아했던 첫사랑과의 데이트 브이로그,Sff1PN3qG7I,20241124,https://i.ytimg.com/vi/Sff1PN3qG7I/maxresdefault.jpg,1385673,21178.0,1300.0,18:41,"('이자반', '@dragonizi')",190000,일상/브이로그
[여행vlog] 3박4일 후쿠오카 나혼자 맛집 제대로 뿌시고 쇼핑까지 알차게 하고온 한시간 드라마🍜🍺,aDkw0XR5FFc,20250218,https://i.ytimg.com/vi/aDkw0XR5FFc/maxresdefault.jpg,195850,3264.0,1400.0,1:06:15,"('예소리SSOL', '@ssol9743')",243000,일상/브이로그
[임신기록 #6] 임신8주차 브이로그,uiJGU-H5UgM,20250306,https://i.ytimg.com/vi/uiJGU-H5UgM/maxresdefault.jpg,182500,2404.0,198.0,18:18,"('우유커플 Milk_couple', '@우유커플')",339000,일상/브이로그
3일 물단식 diet vlog ₊˚｡⋆❆ 생각보다 효과가 컸던 다이어트 방법,UZHxGcf1ddo,20241207,https://i.ytimg.com/vi/UZHxGcf1ddo/maxresdefault.jpg,303756,13333.0,579.0,20:11,"('아린 wested_arin', '@wested_arin908')",721000,일상/브이로그
혼자 간 후쿠오카 브이로그 ♡゛,C19c2HqX2kw,20250311,https://i.ytimg.com/vi/C19c2HqX2kw/maxresdefault.jpg,52654,938.0,185.0,31:00,"('먕.', '@aechoiming')",3180,일상/브이로그
[설날 브이로그] 결혼하고 시댁이랑 친정에서 보내는 첫 설날🩷,z33uDoQj8Lo,20250222,https://i.ytimg.com/vi/z33uDoQj8Lo/maxresdefault.jpg,76837,1247.0,76.0,16:37,"('담다미담', '@담다미담')",195000,일상/브이로그
기억나나 가시나야. 내가 치앙마이 그래 좋아했다 | 태국 여행 먹방 브이로그🇹🇭,-DgFCxRLVSE,20250320,https://i.ytimg.com/vi/-DgFCxRLVSE/maxresdefault.jpg,19377,287.0,54.0,53:36,"('소림사 주방장', '@jubomjang')",124000,일상/브이로그
"일본 소도시 마쓰야마 여행 브이로그🍜프라이빗 온천호텔, 오카이도와 도고온천 맛집과 카페(야키니쿠, 도미정식,라멘, 우동), 돈키호테와 모아이 쇼핑, 구글맵 주소와 경비공유💰",MFLLIeaRshs,20250221,https://i.ytimg.com/vi/MFLLIeaRshs/maxresdefault.jpg,80067,952.0,50.0,32:42,"('moavlog 모아', '@moavlog')",17200,일상/브이로그
응 너 일본 가야돼... 우당탕탕 도쿄 워홀 첫째주 브이로그 💭,Ye5OGmHwHrg,20250216,https://i.ytimg.com/vi/Ye5OGmHwHrg/maxresdefault.jpg,26893,453.0,88.0,25:11,"('챕인chap', '@chaepin')",2750,일상/브이로그
vlog. 고등학교 체육대회 브이로그 | 태권도복 반티 | 07년생 학교 브이로그 | 이기지 못할 거.. 즐기면 되.,L2yqo_2iyu4,20240602,https://i.ytimg.com/vi/L2yqo_2iyu4/maxresdefault.jpg,313366,3775.0,103.0,9:02,"('선 빈', '@sunbhin')",131000,일상/브이로그
Vlog 📦 쇼핑몰 사장이 되고 달라진 내 일상 브이로그 l 새로운 도전⁉️l 약간의 asmr을 곁들인 …,Rxhc0BpLjUA,20250317,https://i.ytimg.com/vi/Rxhc0BpLjUA/maxresdefault.jpg,4970,91.0,27.0,19:23,"('왕더펄이', '@Yesoliday')",5750,일상/브이로그
"만만치 않은 부평 덕질존 8곳 브이로그(1편)⭐️왕복 5시간도 나를 막을 수 없긔 / 가챠쿠챠, 오모차상점",0b6hiW0tTpE,20250315,https://i.ytimg.com/vi/0b6hiW0tTpE/maxresdefault.jpg,62436,956.0,393.0,41:56,"('돌멩이숲', '@rock_soop')",14500,일상/브이로그
*영남씨 첫 외박* 영남씨의 소중함을 알게된 설날 브이로그,3xjiPOh6Nbs,20250210,https://i.ytimg.com/vi/3xjiPOh6Nbs/maxresdefault.jpg,1083893,12532.0,907.0,15:21,"('니얼굴_은혜씨 Eun hye', '@_caricatureartisteunhye7869')",221000,일상/브이로그
역대급 FLEX💸 내 아파트 처음 보는 날 브이로그,Qb9NNNSYfYc,20250314,https://i.ytimg.com/vi/Qb9NNNSYfYc/maxresdefault.jpg,63722,1094.0,135.0,16:01,"('뿅글이', '@bbyonggeul')",355000,일상/브이로그
[💸Doll Vlog💸] 인형계 브이로그 모음집,Md575e54vsI,20250223,https://i.ytimg.com/vi/Md575e54vsI/maxresdefault.jpg,88491,1112.0,52.0,9:09,"('백수가 꿈💸Baekkum💸', '@Baekkum')",2280000,일상/브이로그
vlog. 태국 방콕 브이로그 🇹🇭✈️ | 방콕에서 파타야로 | 07년생 브이로그,htwIbd1oRf8,20250216,https://i.ytimg.com/vi/htwIbd1oRf8/maxresdefault.jpg,125449,3116.0,244.0,24:02,"('선 빈', '@sunbhin')",131000,일상/브이로그
고3 학생 맥라렌 720s 오너의 브이로그 (Vlog),vAlUswyzjWI,20240622,https://i.ytimg.com/vi/vAlUswyzjWI/maxresdefault.jpg,915349,8038.0,2800.0,14:22,"('필구', '@PhilgyuShin')",14700,일상/브이로그
[Vlog] 고2의 새학기 브이로그/ 새학기 겟레디윗미 💄/학교 브이로그/일상 브이로그/ GRWM | 류희진,ldL-jTRYWLE,20250323,https://i.ytimg.com/vi/ldL-jTRYWLE/maxresdefault.jpg,43941,,120.0,12:51,"('류희진', '@hejiiiiiiin')",40400,일상/브이로그
"자취 vlog | 탄수화물로 꽉 채운 집밥 브이로그 | 우삼겹 마라 알배추, 불닭쌈, 밥드위치, 바나나브레드 홈베이킹 등",AS9qzlddQ2E,20250309,https://i.ytimg.com/vi/AS9qzlddQ2E/maxresdefault.jpg,98593,3336.0,137.0,26:22,"('némo 김네모', '@nemokeem')",73600,일상/브이로그
"[먹방브이로그#112]오랜만에 30분 꽉꽉 채워서 낋여왔어요🍜 로제마라샹궈,크림새우,에그드랍,신라면투움바,꼬북칩,연세우유,누룽지치즈밥,돈까스,와플,떡볶이,십원빵,고추마요+콘소메이징",K5peKQAQSn0,20250303,https://i.ytimg.com/vi/K5peKQAQSn0/maxresdefault.jpg,561673,5737.0,409.0,30:48,"('살빼조DietJo', '@dietjo311')",467000,일상/브이로그
[임신기록 #7] 남편 통장 텅!장 되는 호화로운 태교호캉스,7u5cOz7QoAI,20250309,https://i.ytimg.com/vi/7u5cOz7QoAI/maxresdefault.jpg,113337,1594.0,96.0,24:26,"('우유커플 Milk_couple', '@우유커플')",339000,일상/브이로그
쉽지않네..💦 하루종일 택배까는 난리법석 브이로그🏠 [CC],fLZU2o4cY-E,20250225,https://i.ytimg.com/vi/fLZU2o4cY-E/maxresdefault.jpg,356117,6203.0,466.0,21:35,"('해피해은 HAEPPY', '@haeppyshe')",275000,일상/브이로그
뉴욕과자점 할아버지가 만들어주신 7만기념 생크림케이크•캠핑교양수업듣고 전메뉴3500원 경북대분식집에서 혼밥•엄마랑 처갓집슈프림양념치킨+월배시장 뽀끼뽀끼분식에 술파티🍺일상먹방브이로그,d-j466oAUSk,20250320,https://i.ytimg.com/vi/d-j466oAUSk/maxresdefault.jpg,96180,1672.0,309.0,30:25,"('째링', '@buttermellowday')",71700,일상/브이로그
ᵛᴸᴼᴳ 제주여행 브이로그 🐎| 힐링과 감성 다 잡은 추천 일정 대공개 ᵎᵎᵎ 나만 따라와 🤎 숙소•맛집•핫플 총정리 (제주도 3박 4일 여행 코스),e8jR85ne5JI,20241221,https://i.ytimg.com/vi/e8jR85ne5JI/maxresdefault.jpg,33978,,8.0,44:29,"('하 은 Grace of God ,', '@_GraceofGod')",6760,일상/브이로그
미국 대형 로펌 변호사의 뉴욕 월스트리트 일상 브이로그 【뉴욕 4】,VJhEeMMYz9g,20250321,https://i.ytimg.com/vi/VJhEeMMYz9g/maxresdefault.jpg,20964,482.0,54.0,15:39,"('어또니 Ottoni', '@Attorney')",37400,일상/브이로그
